cpu_percent,memory_rss_mb,read_bytes,write_bytes,is_keylogger
2.5404082943790516,58.79619714480833,1780,36079,1
1.1067353311122363,44.23269215756568,17461,41717,1
2.8734366078010103,55.53010490187742,13127,46831,1
2.267302133724428,15.073825693385086,11939,12786,1
1.3439281220412012,33.36040409770156,15088,49522,1
1.5824516520115248,25.72204651699809,12179,19981,1
1.4481123669739056,49.93778971517196,2414,43858,1
1.3645363466674039,44.22084092233741,11567,37490,1
1.4722659429258518,56.84087336465629,7430,36250,1
2.884147631009592,56.57814258988143,9806,5401,1
2.819396790581718,45.137518368942885,8958,13491,1
0.6168765447829657,32.27206936645953,2265,43643,1
1.8916942759178745,41.20170276264356,6319,16075,1
2.6014313968012748,43.978867248333,16807,34005,1
2.235548922013478,45.116552520282866,19965,48847,1
1.410780987884156,25.20962842286921,8414,20439,1
1.71300088865664,25.669785110840486,7052,47030,1
2.6726182498912574,33.29402651834968,7061,42666,1
1.2621184669188015,39.07098670412533,10873,23141,1
2.8829220137695737,22.852947469177334,12840,31615,1
0.9634627119077733,45.09364950562972,5317,35734,1
2.304694450295187,26.980238092157535,2100,31366,1
2.0070876078851203,21.732350722775603,16540,16517,1
2.1679801213565337,49.37806080471141,11144,28609,1
2.4756307820802066,24.994073303956434,16001,26131,1
0.26740769321447344,26.90379121557043,13157,42841,1
0.6068794161898331,35.286526384586196,5162,49332,1
2.7414868663094722,52.243957928837055,10863,13598,1
2.2814957923820125,14.174024518961645,6352,47984,1
2.638742397275157,14.975315936850706,18749,36937,1
1.230633833683638,48.842876395520484,11755,43262,1
0.541381720703827,44.965327645636805,19181,8350,1
1.1482100699299207,39.88715637310714,3691,26802,1
2.1041221313265437,25.121343532549325,15969,19963,1
0.9889361679538384,52.23904503815598,16465,33678,1
2.613742054979179,39.0285183404071,19177,44535,1
1.8733000474692518,49.42580175184897,4184,41314,1
2.7992403449680188,34.891582360973864,15406,22015,1
1.9554570714557835,38.249161016186775,1864,48411,1
0.7791643758263317,45.63189282613904,12601,7730,1
1.1491693670384597,24.54562395663504,8549,41834,1
0.3090424414524938,58.04663047365706,17188,36405,1
1.1741054019934125,52.95897440524992,6840,27876,1
1.4111634304480962,12.375027807132895,17242,23949,1
2.5473073200978624,49.87473060584781,16706,32912,1
1.4568811460976445,38.68025420588286,16348,20231,1
0.9997717707012241,39.09518860976404,12226,33757,1
2.5943334525638124,29.769934691113278,8720,39512,1
0.24498262490346612,53.45383621890813,18070,42562,1
2.7087085340577475,27.203737905331835,6335,23874,1
13.606954223146317,51.396244641410085,1481,7120,0
3.6408550731062195,136.48967658241952,4743,4753,0
6.49106991920733,228.3310999637843,1002,8976,0
6.582303214855574,203.57035394788147,4728,1760,0
1.8434647603805234,172.15342309510984,2996,5325,0
9.390126648718699,103.81049007909212,1870,542,0
14.399159990804058,484.91593578653647,1623,8185,0
11.855578528876286,109.71938754346161,1520,1375,0
0.8459815432632897,298.3088577779421,2757,2204,0
13.622853438362764,413.2705700810755,3554,4054,0
7.651163686760238,265.1225885196586,526,4841,0
12.191436475174418,449.24907943686145,803,5474,0
12.651574215035987,187.47635585423478,3623,3204,0
11.642293870894818,386.3216637345915,4804,1347,0
0.7105733693607394,84.8145437636684,2198,6815,0
10.191536305431429,231.16845425574203,886,640,0
3.7236392913560765,275.90422705363136,1375,3376,0
2.233607449297852,331.7177093915359,529,8455,0
5.649742758899693,493.93116080798654,1521,9981,0
11.63500244133694,290.1660850915632,2752,7436,0
10.006663880596262,486.3395765137236,3332,8953,0
4.694738952974952,193.50853634701286,1529,4072,0
3.404680498914435,432.38671253230984,1301,2881,0
2.072060820088029,223.5637853056957,4893,146,0
2.352668333612302,237.67377068687284,4049,5154,0
14.622488217811139,369.4558240944658,3549,3889,0
14.67426797971142,337.06379085659694,953,4185,0
14.648449142815702,267.59345929028507,4919,7884,0
12.558331666277583,182.34147116662,4505,3315,0
9.529861605212004,202.12914016283068,3643,1751,0
1.1164307888860445,443.846095269193,4443,1918,0
9.435006163166118,368.1208650849247,3072,6344,0
2.328237227812947,151.91242929179958,3712,5928,0
9.920797888289252,81.28971238762713,4430,2196,0
13.170037546726533,391.73230355625606,1363,3789,0
13.762391441606038,348.32334504496237,2324,2878,0
5.3273120074332345,391.6231005985275,2204,3448,0
6.969118576672226,303.8775339992561,3913,9107,0
10.218845561405772,313.24293130344626,1594,2458,0
10.78089701179909,195.90874837981735,163,6372,0
0.7842067427700817,368.84758240969694,1747,8491,0
9.86837335424933,331.08684404710135,58,7760,0
14.211748539878426,308.56738918151655,1624,3572,0
12.156658682392363,418.6867568740636,3215,5368,0
13.307600391364392,306.3952948559309,3133,4258,0
0.7825821563962403,161.0396662147358,3923,1703,0
14.915599024668847,448.70685439893026,3885,1193,0
1.86390722752619,451.9691376612452,1776,5656,0
2.112520667299269,333.7414661440409,2988,8921,0
12.809554612571757,465.8674617576573,4315,5612,0
5.357539152530578,475.52742344289027,3371,5197,0
11.92563900001043,174.5862913964287,3116,3996,0
6.175524777470334,492.81046049096784,2017,8696,0
3.168746133320841,462.4256178248779,2447,6309,0
9.62132226362085,126.0165352575831,4170,476,0
5.632450287715118,119.8818451069466,1183,1839,0
5.81478674544825,55.72398854032022,1644,4111,0
14.161102412534408,351.10169112751487,2513,2243,0
12.022065616086053,204.8494065285903,3134,8358,0
3.8437411232487015,384.448572546355,4124,2617,0
1.2738589537775884,384.59340080898187,2643,8799,0
9.049944919593628,432.71123681686373,4391,1335,0
8.781609478518442,432.5885651259555,942,5820,0
2.7204377203766623,425.00819712160785,1450,9028,0
9.234508612900678,168.4987576814999,3729,5547,0
4.909209807682798,317.20202114607656,270,7640,0
14.048954875325308,51.70900691441814,3439,3993,0
2.311808492029435,244.66797157622653,1470,6407,0
5.013935325229724,314.1098586363123,4297,7416,0
9.376871928241803,383.1895376424923,1957,8892,0
4.217746518510415,376.31989135954797,1369,3307,0
7.255391376434129,465.7556510087055,4334,1484,0
1.1589981940992642,351.5894499329221,1812,1209,0
1.8113478177136264,388.02594980183375,2540,3292,0
1.070324338758448,353.39374300995706,586,8397,0
1.043156627177828,493.0480587918667,1459,7015,0
12.52478092896067,450.1932099146858,1699,586,0
13.671769799859321,94.69051885123423,4328,2747,0
9.21315997386585,445.0355174963678,2364,2759,0
14.2152379579595,442.8798115344665,301,6066,0
6.087210366466328,469.8724352007378,3367,6110,0
1.7519083774662887,56.67468787003309,2175,2140,0
6.615298037301363,70.77702250508896,1131,4250,0
8.595693302093327,365.6728161552332,886,8036,0
4.448257359141904,341.1282846351073,1900,8114,0
14.162602198400037,406.6663921466745,2375,567,0
13.225184546365313,409.9995312855146,1089,6316,0
4.710348116799305,52.20448991841239,3574,98,0
1.9485509625603128,346.06374283790234,4940,327,0
5.233232163504575,359.6809535824015,3491,286,0
8.39178471069018,369.794277193119,3955,4452,0
9.851794762100337,319.7239904100545,492,7430,0
4.144635583009098,475.0233197040653,3054,7881,0
5.929512392458268,210.52734016642685,2957,4033,0
14.065506155465894,188.2452668221536,2448,729,0
12.330703797573952,176.89334808645307,4986,9276,0
10.962691043734024,347.18232364908823,2817,2082,0
14.07574926978154,329.32883424496583,4322,286,0
10.493748505049178,412.93510850830154,2735,1967,0
2.1685840899697393,136.09439736840596,3452,5726,0
