cpu_percent,num_handles,pid,name,cmdline,memory_percent,num_threads,open_files,nice,exe,read_count,write_count,read_bytes,write_bytes,cpu_times_user,cpu_times_system,voluntary_ctx_switches,involuntary_ctx_switches,memory_rss,memory_vms,label
0.0,155,2656,python.exe,"['C:\\Users\\keylogger\\AppData\\Local\\Python\\pythoncore-3.14-64\\python.exe', '.\\keylogger.py']",0.5202545374418244,5,"[popenfile(path='C:\\Windows\\System32\\en-US\\KernelBase.dll.mui', fd=-1)]",32.0,C:\Users\keylogger\AppData\Local\Python\pythoncore-3.14-64\python.exe,155,86,1865582,10881,0.109375,0.125,4375,0,21.3046875,14.0078125,keylogger
0.0,155,3924,python.exe,"['C:\\Users\\keylogger\\AppData\\Local\\Python\\pythoncore-3.14-64\\python.exe', '.\\keylogger.py']",0.5254055724660008,5,"[popenfile(path='C:\\Windows\\System32\\en-US\\KernelBase.dll.mui', fd=-1)]",32.0,C:\Users\keylogger\AppData\Local\Python\pythoncore-3.14-64\python.exe,155,88,1865582,11184,0.1875,0.1875,4323,0,21.515625,14.34765625,keylogger
0.0,155,8164,python.exe,"['C:\\Users\\keylogger\\AppData\\Local\\Python\\pythoncore-3.14-64\\python.exe', '.\\keylogger.py']",0.5238793398662448,5,"[popenfile(path='C:\\Windows\\System32\\en-US\\KernelBase.dll.mui', fd=-1)]",32.0,C:\Users\keylogger\AppData\Local\Python\pythoncore-3.14-64\python.exe,156,111,1900641,14622,0.21875,0.140625,3750,0,21.453125,14.2109375,keylogger
0.0,153,5984,python.exe,"['C:\\Users\\keylogger\\AppData\\Local\\Python\\pythoncore-3.14-64\\python.exe', '.\\keylogger.py']",0.520731485129248,3,"[popenfile(path='C:\\Windows\\System32\\en-US\\KernelBase.dll.mui', fd=-1)]",32.0,C:\Users\keylogger\AppData\Local\Python\pythoncore-3.14-64\python.exe,155,180,1865582,20000,0.15625,0.125,4419,0,21.32421875,14.10546875,keylogger
0.0,153,6116,python.exe,"['C:\\Users\\keylogger\\AppData\\Local\\Python\\pythoncore-3.14-64\\python.exe', '.\\keylogger.py']",0.5234977817163058,3,"[popenfile(path='C:\\Windows\\System32\\en-US\\KernelBase.dll.mui', fd=-1)]",32.0,C:\Users\keylogger\AppData\Local\Python\pythoncore-3.14-64\python.exe,155,181,1865582,20047,0.21875,0.171875,6430,0,21.4375,14.10546875,keylogger
0.0,153,7220,python.exe,"['C:\\Users\\keylogger\\AppData\\Local\\Python\\pythoncore-3.14-64\\python.exe', '.\\keylogger.py']",0.5313197237900553,3,"[popenfile(path='C:\\Windows\\System32\\en-US\\KernelBase.dll.mui', fd=-1)]",32.0,C:\Users\keylogger\AppData\Local\Python\pythoncore-3.14-64\python.exe,155,213,1865582,21563,0.296875,0.15625,4775,0,21.7578125,14.4453125,keylogger
0.0,153,5984,python.exe,"['C:\\Users\\keylogger\\AppData\\Local\\Python\\pythoncore-3.14-64\\python.exe', '.\\keylogger.py']",0.520731485129248,3,"[popenfile(path='C:\\Windows\\System32\\en-US\\KernelBase.dll.mui', fd=-1)]",32.0,C:\Users\keylogger\AppData\Local\Python\pythoncore-3.14-64\python.exe,155,621,1865582,50533,0.375,0.34375,13773,0,21.32421875,14.10546875,keylogger
0.0,153,6116,python.exe,"['C:\\Users\\keylogger\\AppData\\Local\\Python\\pythoncore-3.14-64\\python.exe', '.\\keylogger.py']",0.5234977817163058,3,"[popenfile(path='C:\\Windows\\System32\\en-US\\KernelBase.dll.mui', fd=-1)]",32.0,C:\Users\keylogger\AppData\Local\Python\pythoncore-3.14-64\python.exe,155,622,1865582,50609,0.609375,0.546875,19941,0,21.4375,14.10546875,keylogger
0.0,153,7220,python.exe,"['C:\\Users\\keylogger\\AppData\\Local\\Python\\pythoncore-3.14-64\\python.exe', '.\\keylogger.py']",0.5313197237900553,3,"[popenfile(path='C:\\Windows\\System32\\en-US\\KernelBase.dll.mui', fd=-1)]",32.0,C:\Users\keylogger\AppData\Local\Python\pythoncore-3.14-64\python.exe,155,636,1865582,51685,0.578125,0.359375,12359,0,21.7578125,14.4453125,keylogger
0.0,155,5984,python.exe,"['C:\\Users\\keylogger\\AppData\\Local\\Python\\pythoncore-3.14-64\\python.exe', '.\\keylogger.py']",0.5210176537417023,5,"[popenfile(path='C:\\Windows\\System32\\en-US\\KernelBase.dll.mui', fd=-1)]",32.0,C:\Users\keylogger\AppData\Local\Python\pythoncore-3.14-64\python.exe,155,58,1865582,6855,0.140625,0.0625,1759,0,21.3359375,14.16796875,keylogger
0.0,155,6116,python.exe,"['C:\\Users\\keylogger\\AppData\\Local\\Python\\pythoncore-3.14-64\\python.exe', '.\\keylogger.py']",0.52378395032876,5,"[popenfile(path='C:\\Windows\\System32\\en-US\\KernelBase.dll.mui', fd=-1)]",32.0,C:\Users\keylogger\AppData\Local\Python\pythoncore-3.14-64\python.exe,155,58,1865582,6855,0.125,0.078125,2708,0,21.44921875,14.16796875,keylogger
0.0,155,7220,python.exe,"['C:\\Users\\keylogger\\AppData\\Local\\Python\\pythoncore-3.14-64\\python.exe', '.\\keylogger.py']",0.5317012819399942,5,"[popenfile(path='C:\\Windows\\System32\\en-US\\KernelBase.dll.mui', fd=-1)]",32.0,C:\Users\keylogger\AppData\Local\Python\pythoncore-3.14-64\python.exe,155,86,1865582,11011,0.203125,0.125,2180,0,21.7734375,14.5078125,keylogger
0.0,144,1056,python.exe,"['C:\\Users\\keylogger\\AppData\\Local\\Python\\pythoncore-3.14-64\\python.exe', 'keylogger.py']",0.5231162235663668,7,"[popenfile(path='C:\\Windows\\System32\\en-US\\KernelBase.dll.mui', fd=-1)]",32.0,C:\Users\keylogger\AppData\Local\Python\pythoncore-3.14-64\python.exe,155,8,1865582,680,0.09375,0.28125,919,0,21.421875,14.22265625,keylogger
0.0,142,1148,python.exe,"['C:\\Users\\keylogger\\AppData\\Local\\Python\\pythoncore-3.14-64\\python.exe', 'keylogger.py']",0.5286488167404823,4,"[popenfile(path='C:\\Windows\\System32\\en-US\\KernelBase.dll.mui', fd=-1)]",32.0,C:\Users\keylogger\AppData\Local\Python\pythoncore-3.14-64\python.exe,155,149,1865582,8196,0.21875,0.453125,2945,0,21.6484375,14.34375,keylogger
0.0,142,1480,python.exe,"['C:\\Users\\keylogger\\AppData\\Local\\Python\\pythoncore-3.14-64\\python.exe', 'keylogger.py']",0.5304612179526925,3,"[popenfile(path='C:\\Windows\\System32\\en-US\\KernelBase.dll.mui', fd=-1)]",32.0,C:\Users\keylogger\AppData\Local\Python\pythoncore-3.14-64\python.exe,155,113,1865582,6161,0.234375,0.46875,3107,0,21.72265625,14.421875,keylogger
0.0,144,8448,python.exe,"['C:\\Users\\keylogger\\AppData\\Local\\Python\\pythoncore-3.14-64\\python.exe', 'keylogger.py']",0.5296027121153297,5,"[popenfile(path='C:\\Windows\\System32\\en-US\\KernelBase.dll.mui', fd=-1)]",32.0,C:\Users\keylogger\AppData\Local\Python\pythoncore-3.14-64\python.exe,155,63,1865582,3482,0.140625,0.328125,2081,0,21.6875,14.4609375,keylogger
0.0,144,9760,python.exe,"['C:\\Users\\keylogger\\AppData\\Local\\Python\\pythoncore-3.14-64\\python.exe', 'keylogger.py']",0.5187283048420683,5,"[popenfile(path='C:\\Windows\\System32\\en-US\\KernelBase.dll.mui', fd=-1)]",32.0,C:\Users\keylogger\AppData\Local\Python\pythoncore-3.14-64\python.exe,155,117,1865582,6196,0.234375,0.28125,5780,0,21.2421875,13.91015625,keylogger
0.0,146,2004,python.exe,"['C:\\Users\\keylogger\\AppData\\Local\\Python\\pythoncore-3.14-64\\python.exe', '.\\keylogger.py']",0.5322736191649027,4,"[popenfile(path='C:\\Windows\\System32\\en-US\\KernelBase.dll.mui', fd=-1)]",32.0,C:\Users\keylogger\AppData\Local\Python\pythoncore-3.14-64\python.exe,155,134,1865582,11385,0.140625,0.359375,3263,0,21.796875,14.515625,keylogger
0.0,146,3656,python.exe,"['C:\\Users\\keylogger\\AppData\\Local\\Python\\pythoncore-3.14-64\\python.exe', '.\\keylogger.py']",0.5290303748904213,4,"[popenfile(path='C:\\Windows\\System32\\en-US\\KernelBase.dll.mui', fd=-1)]",32.0,C:\Users\keylogger\AppData\Local\Python\pythoncore-3.14-64\python.exe,155,125,1865582,10609,0.171875,0.53125,6914,0,21.6640625,14.4453125,keylogger
0.0,146,5080,python.exe,"['C:\\Users\\keylogger\\AppData\\Local\\Python\\pythoncore-3.14-64\\python.exe', '.\\keylogger.py']",0.5224484968039735,4,"[popenfile(path='C:\\Windows\\System32\\en-US\\KernelBase.dll.mui', fd=-1)]",32.0,C:\Users\keylogger\AppData\Local\Python\pythoncore-3.14-64\python.exe,155,151,1865582,12850,0.171875,0.640625,3648,0,21.39453125,14.05859375,keylogger
0.0,146,6364,python.exe,"['C:\\Users\\keylogger\\AppData\\Local\\Python\\pythoncore-3.14-64\\python.exe', '.\\keylogger.py']",0.5312243342525705,4,"[popenfile(path='C:\\Windows\\System32\\en-US\\KernelBase.dll.mui', fd=-1)]",32.0,C:\Users\keylogger\AppData\Local\Python\pythoncore-3.14-64\python.exe,155,143,1865582,12161,0.265625,0.359375,3546,0,21.75390625,14.453125,keylogger
0.0,146,6960,python.exe,"['C:\\Users\\keylogger\\AppData\\Local\\Python\\pythoncore-3.14-64\\python.exe', '.\\keylogger.py']",0.5229254444913973,3,"[popenfile(path='C:\\Windows\\System32\\en-US\\KernelBase.dll.mui', fd=-1)]",32.0,C:\Users\keylogger\AppData\Local\Python\pythoncore-3.14-64\python.exe,156,159,1900741,13535,0.203125,0.5,3572,0,21.4140625,14.08203125,keylogger
0.0,146,2004,python.exe,"['C:\\Users\\keylogger\\AppData\\Local\\Python\\pythoncore-3.14-64\\python.exe', '.\\keylogger.py']",0.5327505668523265,4,"[popenfile(path='C:\\Windows\\System32\\en-US\\KernelBase.dll.mui', fd=-1)]",32.0,C:\Users\keylogger\AppData\Local\Python\pythoncore-3.14-64\python.exe,155,443,1865582,43805,0.3125,0.734375,10421,0,21.81640625,14.5234375,keylogger
0.0,146,3656,python.exe,"['C:\\Users\\keylogger\\AppData\\Local\\Python\\pythoncore-3.14-64\\python.exe', '.\\keylogger.py']",0.5294119330403603,4,"[popenfile(path='C:\\Windows\\System32\\en-US\\KernelBase.dll.mui', fd=-1)]",32.0,C:\Users\keylogger\AppData\Local\Python\pythoncore-3.14-64\python.exe,155,434,1865582,43029,0.390625,0.84375,16877,0,21.6796875,14.44921875,keylogger
0.0,146,5080,python.exe,"['C:\\Users\\keylogger\\AppData\\Local\\Python\\pythoncore-3.14-64\\python.exe', '.\\keylogger.py']",0.5230208340288821,3,"[popenfile(path='C:\\Windows\\System32\\en-US\\KernelBase.dll.mui', fd=-1)]",32.0,C:\Users\keylogger\AppData\Local\Python\pythoncore-3.14-64\python.exe,155,463,1865582,45429,0.359375,1.140625,10709,0,21.41796875,14.0390625,keylogger
0.0,146,6364,python.exe,"['C:\\Users\\keylogger\\AppData\\Local\\Python\\pythoncore-3.14-64\\python.exe', '.\\keylogger.py']",0.5316058924025096,3,"[popenfile(path='C:\\Windows\\System32\\en-US\\KernelBase.dll.mui', fd=-1)]",32.0,C:\Users\keylogger\AppData\Local\Python\pythoncore-3.14-64\python.exe,155,474,1865582,45633,0.453125,0.921875,11162,0,21.76953125,14.4296875,keylogger
0.0,146,6960,python.exe,"['C:\\Users\\keylogger\\AppData\\Local\\Python\\pythoncore-3.14-64\\python.exe', '.\\keylogger.py']",0.5236885607912753,3,"[popenfile(path='C:\\Windows\\System32\\en-US\\KernelBase.dll.mui', fd=-1)]",32.0,C:\Users\keylogger\AppData\Local\Python\pythoncore-3.14-64\python.exe,156,516,1900741,48235,0.359375,0.9375,9988,0,21.4453125,14.08984375,keylogger
0.0,146,2004,python.exe,"['C:\\Users\\keylogger\\AppData\\Local\\Python\\pythoncore-3.14-64\\python.exe', '.\\keylogger.py']",0.5328459563898112,3,"[popenfile(path='C:\\Windows\\System32\\en-US\\KernelBase.dll.mui', fd=-1)]",32.0,C:\Users\keylogger\AppData\Local\Python\pythoncore-3.14-64\python.exe,155,1144,1865582,110143,0.703125,1.65625,26695,0,21.8203125,14.4921875,keylogger
0.0,146,3656,python.exe,"['C:\\Users\\keylogger\\AppData\\Local\\Python\\pythoncore-3.14-64\\python.exe', '.\\keylogger.py']",0.529507322577845,3,"[popenfile(path='C:\\Windows\\System32\\en-US\\KernelBase.dll.mui', fd=-1)]",32.0,C:\Users\keylogger\AppData\Local\Python\pythoncore-3.14-64\python.exe,155,1149,1865582,110047,0.796875,2.25,40040,0,21.68359375,14.41796875,keylogger
0.0,146,5080,python.exe,"['C:\\Users\\keylogger\\AppData\\Local\\Python\\pythoncore-3.14-64\\python.exe', '.\\keylogger.py']",0.5230208340288821,3,"[popenfile(path='C:\\Windows\\System32\\en-US\\KernelBase.dll.mui', fd=-1)]",32.0,C:\Users\keylogger\AppData\Local\Python\pythoncore-3.14-64\python.exe,155,1186,1865582,112823,0.734375,2.1875,28495,0,21.41796875,14.0390625,keylogger
0.0,146,6364,python.exe,"['C:\\Users\\keylogger\\AppData\\Local\\Python\\pythoncore-3.14-64\\python.exe', '.\\keylogger.py']",0.531796671477479,3,"[popenfile(path='C:\\Windows\\System32\\en-US\\KernelBase.dll.mui', fd=-1)]",32.0,C:\Users\keylogger\AppData\Local\Python\pythoncore-3.14-64\python.exe,155,1194,1865582,112906,0.921875,2.25,28430,0,21.77734375,14.4296875,keylogger
0.0,146,6960,python.exe,"['C:\\Users\\keylogger\\AppData\\Local\\Python\\pythoncore-3.14-64\\python.exe', '.\\keylogger.py']",0.5236885607912753,3,"[popenfile(path='C:\\Windows\\System32\\en-US\\KernelBase.dll.mui', fd=-1)]",32.0,C:\Users\keylogger\AppData\Local\Python\pythoncore-3.14-64\python.exe,156,1220,1900741,114772,0.890625,2.203125,23164,0,21.4453125,14.08984375,keylogger
0.0,153,4920,python.exe,"['C:\\Users\\keylogger\\AppData\\Local\\Python\\pythoncore-3.14-64\\python.exe', '.\\keylogger.py']",0.5217807700415803,3,"[popenfile(path='C:\\Windows\\System32\\en-US\\KernelBase.dll.mui', fd=-1)]",32.0,C:\Users\keylogger\AppData\Local\Python\pythoncore-3.14-64\python.exe,155,38,1865582,3263,0.15625,0.078125,1543,0,21.3671875,14.1015625,keylogger
0.0,153,5052,python.exe,"['C:\\Users\\keylogger\\AppData\\Local\\Python\\pythoncore-3.14-64\\python.exe', '.\\keylogger.py']",0.51996836882937,3,"[popenfile(path='C:\\Windows\\System32\\en-US\\KernelBase.dll.mui', fd=-1)]",32.0,C:\Users\keylogger\AppData\Local\Python\pythoncore-3.14-64\python.exe,155,38,1865582,3263,0.140625,0.078125,2291,0,21.29296875,13.96484375,keylogger
0.0,153,5312,python.exe,"['C:\\Users\\keylogger\\AppData\\Local\\Python\\pythoncore-3.14-64\\python.exe', '.\\keylogger.py']",0.528362648128028,3,"[popenfile(path='C:\\Windows\\System32\\en-US\\KernelBase.dll.mui', fd=-1)]",32.0,C:\Users\keylogger\AppData\Local\Python\pythoncore-3.14-64\python.exe,155,39,1865582,3310,0.15625,0.078125,2570,0,21.63671875,14.3515625,keylogger
0.0,153,6724,python.exe,"['C:\\Users\\keylogger\\AppData\\Local\\Python\\pythoncore-3.14-64\\python.exe', '.\\keylogger.py']",0.5322736191649027,3,"[popenfile(path='C:\\Windows\\System32\\en-US\\KernelBase.dll.mui', fd=-1)]",32.0,C:\Users\keylogger\AppData\Local\Python\pythoncore-3.14-64\python.exe,155,58,1865582,4178,0.109375,0.09375,1575,0,21.796875,14.6015625,keylogger
0.0,153,9640,python.exe,"['C:\\Users\\keylogger\\AppData\\Local\\Python\\pythoncore-3.14-64\\python.exe', '.\\keylogger.py']",0.529507322577845,3,"[popenfile(path='C:\\Windows\\System32\\en-US\\KernelBase.dll.mui', fd=-1)]",32.0,C:\Users\keylogger\AppData\Local\Python\pythoncore-3.14-64\python.exe,155,81,1865582,5306,0.109375,0.140625,3124,0,21.68359375,14.4453125,keylogger
0.0,153,4920,python.exe,"['C:\\Users\\keylogger\\AppData\\Local\\Python\\pythoncore-3.14-64\\python.exe', '.\\keylogger.py']",0.5221623281915193,3,"[popenfile(path='C:\\Windows\\System32\\en-US\\KernelBase.dll.mui', fd=-1)]",32.0,C:\Users\keylogger\AppData\Local\Python\pythoncore-3.14-64\python.exe,155,159,1865582,10272,0.21875,0.140625,4821,0,21.3828125,14.1015625,keylogger
0.0,153,5052,python.exe,"['C:\\Users\\keylogger\\AppData\\Local\\Python\\pythoncore-3.14-64\\python.exe', '.\\keylogger.py']",0.520349926979309,3,"[popenfile(path='C:\\Windows\\System32\\en-US\\KernelBase.dll.mui', fd=-1)]",32.0,C:\Users\keylogger\AppData\Local\Python\pythoncore-3.14-64\python.exe,155,165,1865582,10554,0.171875,0.203125,5630,0,21.30859375,13.96484375,keylogger
0.0,153,5312,python.exe,"['C:\\Users\\keylogger\\AppData\\Local\\Python\\pythoncore-3.14-64\\python.exe', '.\\keylogger.py']",0.5284580376655128,3,"[popenfile(path='C:\\Windows\\System32\\en-US\\KernelBase.dll.mui', fd=-1)]",32.0,C:\Users\keylogger\AppData\Local\Python\pythoncore-3.14-64\python.exe,155,171,1865582,10842,0.25,0.140625,6828,0,21.640625,14.3515625,keylogger
0.0,153,6724,python.exe,"['C:\\Users\\keylogger\\AppData\\Local\\Python\\pythoncore-3.14-64\\python.exe', '.\\keylogger.py']",0.5323690087023875,3,"[popenfile(path='C:\\Windows\\System32\\en-US\\KernelBase.dll.mui', fd=-1)]",32.0,C:\Users\keylogger\AppData\Local\Python\pythoncore-3.14-64\python.exe,155,203,1865582,12333,0.140625,0.140625,4909,0,21.80078125,14.6015625,keylogger
0.0,153,9640,python.exe,"['C:\\Users\\keylogger\\AppData\\Local\\Python\\pythoncore-3.14-64\\python.exe', '.\\keylogger.py']",0.5296027121153297,3,"[popenfile(path='C:\\Windows\\System32\\en-US\\KernelBase.dll.mui', fd=-1)]",32.0,C:\Users\keylogger\AppData\Local\Python\pythoncore-3.14-64\python.exe,155,265,1865582,15296,0.140625,0.203125,8056,0,21.6875,14.4453125,keylogger
0.0,153,4920,python.exe,"['C:\\Users\\keylogger\\AppData\\Local\\Python\\pythoncore-3.14-64\\python.exe', '.\\keylogger.py']",0.5221623281915193,3,"[popenfile(path='C:\\Windows\\System32\\en-US\\KernelBase.dll.mui', fd=-1)]",32.0,C:\Users\keylogger\AppData\Local\Python\pythoncore-3.14-64\python.exe,155,363,1865582,23216,0.359375,0.25,10255,0,21.3828125,14.1015625,keylogger
0.0,153,5052,python.exe,"['C:\\Users\\keylogger\\AppData\\Local\\Python\\pythoncore-3.14-64\\python.exe', '.\\keylogger.py']",0.520349926979309,3,"[popenfile(path='C:\\Windows\\System32\\en-US\\KernelBase.dll.mui', fd=-1)]",32.0,C:\Users\keylogger\AppData\Local\Python\pythoncore-3.14-64\python.exe,155,366,1865582,23489,0.21875,0.296875,10577,0,21.30859375,13.96484375,keylogger
0.0,153,5312,python.exe,"['C:\\Users\\keylogger\\AppData\\Local\\Python\\pythoncore-3.14-64\\python.exe', '.\\keylogger.py']",0.5284580376655128,3,"[popenfile(path='C:\\Windows\\System32\\en-US\\KernelBase.dll.mui', fd=-1)]",32.0,C:\Users\keylogger\AppData\Local\Python\pythoncore-3.14-64\python.exe,155,373,1865582,24126,0.296875,0.1875,13022,0,21.640625,14.3515625,keylogger
0.0,153,6724,python.exe,"['C:\\Users\\keylogger\\AppData\\Local\\Python\\pythoncore-3.14-64\\python.exe', '.\\keylogger.py']",0.5323690087023875,3,"[popenfile(path='C:\\Windows\\System32\\en-US\\KernelBase.dll.mui', fd=-1)]",32.0,C:\Users\keylogger\AppData\Local\Python\pythoncore-3.14-64\python.exe,155,388,1865582,25434,0.234375,0.25,8943,0,21.80078125,14.6015625,keylogger
0.0,153,9640,python.exe,"['C:\\Users\\keylogger\\AppData\\Local\\Python\\pythoncore-3.14-64\\python.exe', '.\\keylogger.py']",0.5296027121153297,3,"[popenfile(path='C:\\Windows\\System32\\en-US\\KernelBase.dll.mui', fd=-1)]",32.0,C:\Users\keylogger\AppData\Local\Python\pythoncore-3.14-64\python.exe,155,421,1865582,28562,0.203125,0.25,11741,0,21.6875,14.4453125,keylogger
0.0,153,608,python.exe,"['C:\\Users\\keylogger\\AppData\\Local\\Python\\pythoncore-3.14-64\\python.exe', '.\\keylogger.py']",0.5308427761026315,3,"[popenfile(path='C:\\Windows\\System32\\en-US\\KernelBase.dll.mui', fd=-1)]",32.0,C:\Users\keylogger\AppData\Local\Python\pythoncore-3.14-64\python.exe,155,45,1865582,3768,0.109375,0.171875,1512,0,21.73828125,14.4453125,keylogger
0.0,153,880,python.exe,"['C:\\Users\\keylogger\\AppData\\Local\\Python\\pythoncore-3.14-64\\python.exe', '.\\keylogger.py']",0.5213038223541565,3,"[popenfile(path='C:\\Windows\\System32\\en-US\\KernelBase.dll.mui', fd=-1)]",32.0,C:\Users\keylogger\AppData\Local\Python\pythoncore-3.14-64\python.exe,155,47,1865582,3920,0.15625,0.09375,1632,0,21.34765625,14.02734375,keylogger
0.0,153,3924,python.exe,"['C:\\Users\\keylogger\\AppData\\Local\\Python\\pythoncore-3.14-64\\python.exe', '.\\keylogger.py']",0.5299842702652687,3,"[popenfile(path='C:\\Windows\\System32\\en-US\\KernelBase.dll.mui', fd=-1)]",32.0,C:\Users\keylogger\AppData\Local\Python\pythoncore-3.14-64\python.exe,155,65,1865582,5312,0.078125,0.171875,1966,0,21.703125,14.41015625,keylogger
0.0,153,6680,python.exe,"['C:\\Users\\keylogger\\AppData\\Local\\Python\\pythoncore-3.14-64\\python.exe', '.\\keylogger.py']",0.5326551773148417,3,"[popenfile(path='C:\\Windows\\System32\\en-US\\KernelBase.dll.mui', fd=-1)]",32.0,C:\Users\keylogger\AppData\Local\Python\pythoncore-3.14-64\python.exe,155,94,1865582,7540,0.171875,0.0625,3155,0,21.8125,14.62890625,keylogger
0.0,153,9220,python.exe,"['C:\\Users\\keylogger\\AppData\\Local\\Python\\pythoncore-3.14-64\\python.exe', '.\\keylogger.py']",0.5296027121153297,3,"[popenfile(path='C:\\Windows\\System32\\en-US\\KernelBase.dll.mui', fd=-1)]",32.0,C:\Users\keylogger\AppData\Local\Python\pythoncore-3.14-64\python.exe,155,133,1865582,10522,0.296875,0.140625,3190,0,21.6875,14.44140625,keylogger
0.0,149,1452,python.exe,"['C:\\Users\\keylogger\\AppData\\Local\\Python\\pythoncore-3.14-64\\python.exe', '.\\keylogger.py']",0.5190144734545226,3,"[popenfile(path='C:\\Windows\\System32\\en-US\\KernelBase.dll.mui', fd=-1)]",32.0,C:\Users\keylogger\AppData\Local\Python\pythoncore-3.14-64\python.exe,156,492,1901608,25657,0.6875,0.609375,13418,0,21.25390625,13.88671875,keylogger
0.0,125,8000,python.exe,"['C:\\Users\\keylogger\\AppData\\Local\\Python\\pythoncore-3.14-64\\python.exe', '.\\run_keylogger.py']",0.6452148315468462,4,"[popenfile(path='C:\\Windows\\System32\\en-US\\KernelBase.dll.mui', fd=-1)]",32.0,C:\Users\keylogger\AppData\Local\Python\pythoncore-3.14-64\python.exe,266,501,2638164,88092,0.890625,0.5,3977,0,26.421875,17.4765625,keylogger
0.0,149,8056,python.exe,"['C:\\Users\\keylogger\\AppData\\Local\\Python\\pythoncore-3.14-64\\python.exe', '.\\keylogger.py']",0.5309381656401163,3,"[popenfile(path='C:\\Windows\\System32\\en-US\\KernelBase.dll.mui', fd=-1)]",32.0,C:\Users\keylogger\AppData\Local\Python\pythoncore-3.14-64\python.exe,155,492,1857121,25657,0.5625,0.5,7910,0,21.7421875,14.38671875,keylogger
0.0,209,10520,python.exe,"['C:\\Users\\keylogger\\AppData\\Local\\Python\\pythoncore-3.14-64\\python.exe', '.\\keylogger.py']",0.7371703456821449,8,"[popenfile(path='C:\\Windows\\System32\\en-US\\KernelBase.dll.mui', fd=-1)]",32.0,C:\Users\keylogger\AppData\Local\Python\pythoncore-3.14-64\python.exe,325,1557,2452572,16574280,1.1875,1.671875,7791,0,30.1875,19.15234375,keylogger
0.0,149,11596,python.exe,"['C:\\Users\\keylogger\\AppData\\Local\\Python\\pythoncore-3.14-64\\python.exe', '.\\keylogger.py']",0.519205252529492,3,"[popenfile(path='C:\\Windows\\System32\\en-US\\KernelBase.dll.mui', fd=-1)]",32.0,C:\Users\keylogger\AppData\Local\Python\pythoncore-3.14-64\python.exe,155,492,1857121,25657,0.59375,0.609375,9808,0,21.26171875,13.91015625,keylogger
0.0,149,416,python.exe,"['C:\\Users\\keylogger\\AppData\\Local\\Python\\pythoncore-3.14-64\\python.exe', '.\\keylogger.py']",0.2528006699384665,3,"[popenfile(path='C:\\Windows\\System32\\en-US\\KernelBase.dll.mui', fd=-1)]",32.0,C:\Users\keylogger\AppData\Local\Python\pythoncore-3.14-64\python.exe,155,866,1857121,54592,0.796875,0.765625,10510,0,20.70703125,14.015625,keylogger
0.0,149,1244,python.exe,"['C:\\Users\\keylogger\\AppData\\Local\\Python\\pythoncore-3.14-64\\python.exe', '.\\keylogger.py']",0.2513223034475983,3,"[popenfile(path='C:\\Windows\\System32\\en-US\\KernelBase.dll.mui', fd=-1)]",32.0,C:\Users\keylogger\AppData\Local\Python\pythoncore-3.14-64\python.exe,155,869,1857121,54733,0.921875,0.96875,20631,0,20.5859375,13.9140625,keylogger
0.0,149,4936,python.exe,"['C:\\Users\\keylogger\\AppData\\Local\\Python\\pythoncore-3.14-64\\python.exe', '.\\keylogger.py']",0.2559004706451257,3,"[popenfile(path='C:\\Windows\\System32\\en-US\\KernelBase.dll.mui', fd=-1)]",32.0,C:\Users\keylogger\AppData\Local\Python\pythoncore-3.14-64\python.exe,155,878,1857121,55168,0.78125,0.765625,14502,0,20.9609375,14.3515625,keylogger
0.0,125,10844,python.exe,"['C:\\Users\\keylogger\\AppData\\Local\\Python\\pythoncore-3.14-64\\python.exe', '.\\run_keylogger.py']",0.3153689549713411,3,"[popenfile(path='C:\\Windows\\System32\\en-US\\KernelBase.dll.mui', fd=-1)]",32.0,C:\Users\keylogger\AppData\Local\Python\pythoncore-3.14-64\python.exe,265,888,2593677,169148,1.46875,1.234375,5638,0,25.83203125,17.28125,keylogger
0.0,209,12272,python.exe,"['C:\\Users\\keylogger\\AppData\\Local\\Python\\pythoncore-3.14-64\\python.exe', '.\\keylogger.py']",0.3685424594009563,6,"[popenfile(path='C:\\Windows\\System32\\en-US\\KernelBase.dll.mui', fd=-1)]",32.0,C:\Users\keylogger\AppData\Local\Python\pythoncore-3.14-64\python.exe,324,2558,2405855,45359224,2.15625,4.03125,35586,0,30.1875,19.41796875,keylogger
0.0,149,416,python.exe,"['C:\\Users\\keylogger\\AppData\\Local\\Python\\pythoncore-3.14-64\\python.exe', '.\\keylogger.py']",0.2528006699384665,3,"[popenfile(path='C:\\Windows\\System32\\en-US\\KernelBase.dll.mui', fd=-1)]",32.0,C:\Users\keylogger\AppData\Local\Python\pythoncore-3.14-64\python.exe,155,926,1857121,58999,0.8125,0.78125,11233,0,20.70703125,14.015625,keylogger
0.0,149,1244,python.exe,"['C:\\Users\\keylogger\\AppData\\Local\\Python\\pythoncore-3.14-64\\python.exe', '.\\keylogger.py']",0.2513223034475983,3,"[popenfile(path='C:\\Windows\\System32\\en-US\\KernelBase.dll.mui', fd=-1)]",32.0,C:\Users\keylogger\AppData\Local\Python\pythoncore-3.14-64\python.exe,155,928,1857121,59099,0.953125,1.015625,22000,0,20.5859375,13.9140625,keylogger
0.0,149,4936,python.exe,"['C:\\Users\\keylogger\\AppData\\Local\\Python\\pythoncore-3.14-64\\python.exe', '.\\keylogger.py']",0.2559004706451257,3,"[popenfile(path='C:\\Windows\\System32\\en-US\\KernelBase.dll.mui', fd=-1)]",32.0,C:\Users\keylogger\AppData\Local\Python\pythoncore-3.14-64\python.exe,155,952,1857121,60263,0.828125,0.828125,15547,0,20.9609375,14.3515625,keylogger
0.0,125,10844,python.exe,"['C:\\Users\\keylogger\\AppData\\Local\\Python\\pythoncore-3.14-64\\python.exe', '.\\run_keylogger.py']",0.3153689549713411,3,"[popenfile(path='C:\\Windows\\System32\\en-US\\KernelBase.dll.mui', fd=-1)]",32.0,C:\Users\keylogger\AppData\Local\Python\pythoncore-3.14-64\python.exe,265,970,2593677,185302,1.484375,1.234375,6086,0,25.83203125,17.28125,keylogger
0.0,209,12272,python.exe,"['C:\\Users\\keylogger\\AppData\\Local\\Python\\pythoncore-3.14-64\\python.exe', '.\\keylogger.py']",0.370879232241361,6,"[popenfile(path='C:\\Windows\\System32\\en-US\\KernelBase.dll.mui', fd=-1)]",32.0,C:\Users\keylogger\AppData\Local\Python\pythoncore-3.14-64\python.exe,324,2804,2405855,54388592,2.40625,4.421875,36734,0,30.37890625,19.52734375,keylogger
0.0,149,416,python.exe,"['C:\\Users\\keylogger\\AppData\\Local\\Python\\pythoncore-3.14-64\\python.exe', '.\\keylogger.py']",0.2528006699384665,3,"[popenfile(path='C:\\Windows\\System32\\en-US\\KernelBase.dll.mui', fd=-1)]",32.0,C:\Users\keylogger\AppData\Local\Python\pythoncore-3.14-64\python.exe,155,1021,1857121,65350,0.9375,0.890625,12202,0,20.70703125,14.015625,keylogger
0.0,149,1244,python.exe,"['C:\\Users\\keylogger\\AppData\\Local\\Python\\pythoncore-3.14-64\\python.exe', '.\\keylogger.py']",0.2513223034475983,3,"[popenfile(path='C:\\Windows\\System32\\en-US\\KernelBase.dll.mui', fd=-1)]",32.0,C:\Users\keylogger\AppData\Local\Python\pythoncore-3.14-64\python.exe,155,1030,1857121,65779,0.96875,1.09375,24175,0,20.5859375,13.9140625,keylogger
0.0,149,4936,python.exe,"['C:\\Users\\keylogger\\AppData\\Local\\Python\\pythoncore-3.14-64\\python.exe', '.\\keylogger.py']",0.2559004706451257,3,"[popenfile(path='C:\\Windows\\System32\\en-US\\KernelBase.dll.mui', fd=-1)]",32.0,C:\Users\keylogger\AppData\Local\Python\pythoncore-3.14-64\python.exe,155,1039,1857121,66208,0.859375,0.84375,16539,0,20.9609375,14.3515625,keylogger
0.0,125,10844,python.exe,"['C:\\Users\\keylogger\\AppData\\Local\\Python\\pythoncore-3.14-64\\python.exe', '.\\run_keylogger.py']",0.3153689549713411,3,"[popenfile(path='C:\\Windows\\System32\\en-US\\KernelBase.dll.mui', fd=-1)]",32.0,C:\Users\keylogger\AppData\Local\Python\pythoncore-3.14-64\python.exe,265,1067,2593677,204251,1.53125,1.296875,6590,0,25.83203125,17.28125,keylogger
0.0,209,12272,python.exe,"['C:\\Users\\keylogger\\AppData\\Local\\Python\\pythoncore-3.14-64\\python.exe', '.\\keylogger.py']",0.3717853278325382,6,"[popenfile(path='C:\\Windows\\System32\\en-US\\KernelBase.dll.mui', fd=-1)]",32.0,C:\Users\keylogger\AppData\Local\Python\pythoncore-3.14-64\python.exe,324,3086,2405855,65852571,2.734375,4.875,37973,0,30.453125,19.52734375,keylogger
0.0,149,5844,python.exe,"['C:\\Users\\keylogger\\AppData\\Local\\Python\\pythoncore-3.14-64\\python.exe', '.\\keylogger.py']",0.2611462872256259,3,"[popenfile(path='C:\\Windows\\System32\\en-US\\KernelBase.dll.mui', fd=-1)]",32.0,C:\Users\keylogger\AppData\Local\Python\pythoncore-3.14-64\python.exe,155,83,1857121,5001,0.1875,0.203125,2301,0,21.390625,14.01953125,keylogger
0.0,125,8276,python.exe,"['C:\\Users\\keylogger\\AppData\\Local\\Python\\pythoncore-3.14-64\\python.exe', '.\\run_keylogger.py']",0.3199948114105094,3,"[popenfile(path='C:\\Windows\\System32\\en-US\\KernelBase.dll.mui', fd=-1)]",32.0,C:\Users\keylogger\AppData\Local\Python\pythoncore-3.14-64\python.exe,265,115,2593677,21225,0.3125,0.375,1347,0,26.2109375,17.26171875,keylogger
0.0,149,10652,python.exe,"['C:\\Users\\keylogger\\AppData\\Local\\Python\\pythoncore-3.14-64\\python.exe', '.\\keylogger.py']",0.2645322233821305,3,"[popenfile(path='C:\\Windows\\System32\\en-US\\KernelBase.dll.mui', fd=-1)]",32.0,C:\Users\keylogger\AppData\Local\Python\pythoncore-3.14-64\python.exe,155,124,1857121,6990,0.109375,0.1875,3963,0,21.66796875,14.35546875,keylogger
0.0,149,10832,python.exe,"['C:\\Users\\keylogger\\AppData\\Local\\Python\\pythoncore-3.14-64\\python.exe', '.\\keylogger.py']",0.2641030202073623,3,"[popenfile(path='C:\\Windows\\System32\\en-US\\KernelBase.dll.mui', fd=-1)]",32.0,C:\Users\keylogger\AppData\Local\Python\pythoncore-3.14-64\python.exe,155,125,1857121,7043,0.140625,0.09375,2271,0,21.6328125,14.4765625,keylogger
0.0,209,12908,python.exe,"['C:\\Users\\keylogger\\AppData\\Local\\Python\\pythoncore-3.14-64\\python.exe', '.\\keylogger.py']",0.3645365631031199,6,"[popenfile(path='C:\\Windows\\System32\\en-US\\KernelBase.dll.mui', fd=-1)]",32.0,C:\Users\keylogger\AppData\Local\Python\pythoncore-3.14-64\python.exe,324,519,2405855,1894023,0.265625,0.96875,4533,0,29.859375,19.07421875,keylogger
0.0,149,5844,python.exe,"['C:\\Users\\keylogger\\AppData\\Local\\Python\\pythoncore-3.14-64\\python.exe', '.\\keylogger.py']",0.2611939764672668,3,"[popenfile(path='C:\\Windows\\System32\\en-US\\KernelBase.dll.mui', fd=-1)]",32.0,C:\Users\keylogger\AppData\Local\Python\pythoncore-3.14-64\python.exe,155,174,1857121,10795,0.265625,0.265625,3879,0,21.39453125,14.01953125,keylogger
0.0,125,8276,python.exe,"['C:\\Users\\keylogger\\AppData\\Local\\Python\\pythoncore-3.14-64\\python.exe', '.\\run_keylogger.py']",0.320233257618714,3,"[popenfile(path='C:\\Windows\\System32\\en-US\\KernelBase.dll.mui', fd=-1)]",32.0,C:\Users\keylogger\AppData\Local\Python\pythoncore-3.14-64\python.exe,265,183,2593677,34946,0.3125,0.40625,1708,0,26.23046875,17.26171875,keylogger
0.0,149,10652,python.exe,"['C:\\Users\\keylogger\\AppData\\Local\\Python\\pythoncore-3.14-64\\python.exe', '.\\keylogger.py']",0.2645799126237714,3,"[popenfile(path='C:\\Windows\\System32\\en-US\\KernelBase.dll.mui', fd=-1)]",32.0,C:\Users\keylogger\AppData\Local\Python\pythoncore-3.14-64\python.exe,155,174,1857121,10795,0.1875,0.234375,5155,0,21.671875,14.35546875,keylogger
0.0,149,10832,python.exe,"['C:\\Users\\keylogger\\AppData\\Local\\Python\\pythoncore-3.14-64\\python.exe', '.\\keylogger.py']",0.2641507094490032,3,"[popenfile(path='C:\\Windows\\System32\\en-US\\KernelBase.dll.mui', fd=-1)]",32.0,C:\Users\keylogger\AppData\Local\Python\pythoncore-3.14-64\python.exe,155,174,1857121,10795,0.15625,0.15625,2917,0,21.63671875,14.4765625,keylogger
0.0,209,12908,python.exe,"['C:\\Users\\keylogger\\AppData\\Local\\Python\\pythoncore-3.14-64\\python.exe', '.\\keylogger.py']",0.3657764833857835,6,"[popenfile(path='C:\\Windows\\System32\\en-US\\KernelBase.dll.mui', fd=-1)]",32.0,C:\Users\keylogger\AppData\Local\Python\pythoncore-3.14-64\python.exe,324,646,2405855,2893221,0.328125,1.078125,6736,0,29.9609375,19.203125,keylogger
0.0,149,5844,python.exe,"['C:\\Users\\keylogger\\AppData\\Local\\Python\\pythoncore-3.14-64\\python.exe', '.\\keylogger.py']",0.2611939764672668,3,"[popenfile(path='C:\\Windows\\System32\\en-US\\KernelBase.dll.mui', fd=-1)]",32.0,C:\Users\keylogger\AppData\Local\Python\pythoncore-3.14-64\python.exe,155,264,1857121,16511,0.34375,0.390625,5353,0,21.39453125,14.01953125,keylogger
0.0,125,8276,python.exe,"['C:\\Users\\keylogger\\AppData\\Local\\Python\\pythoncore-3.14-64\\python.exe', '.\\run_keylogger.py']",0.320233257618714,3,"[popenfile(path='C:\\Windows\\System32\\en-US\\KernelBase.dll.mui', fd=-1)]",32.0,C:\Users\keylogger\AppData\Local\Python\pythoncore-3.14-64\python.exe,265,304,2593677,57423,0.375,0.4375,2352,0,26.23046875,17.26171875,keylogger
0.0,149,10652,python.exe,"['C:\\Users\\keylogger\\AppData\\Local\\Python\\pythoncore-3.14-64\\python.exe', '.\\keylogger.py']",0.2646276018654124,3,"[popenfile(path='C:\\Windows\\System32\\en-US\\KernelBase.dll.mui', fd=-1)]",32.0,C:\Users\keylogger\AppData\Local\Python\pythoncore-3.14-64\python.exe,155,296,1857121,18051,0.234375,0.390625,8112,0,21.67578125,14.35546875,keylogger
0.0,149,10832,python.exe,"['C:\\Users\\keylogger\\AppData\\Local\\Python\\pythoncore-3.14-64\\python.exe', '.\\keylogger.py']",0.2641507094490032,3,"[popenfile(path='C:\\Windows\\System32\\en-US\\KernelBase.dll.mui', fd=-1)]",32.0,C:\Users\keylogger\AppData\Local\Python\pythoncore-3.14-64\python.exe,155,296,1857121,18051,0.1875,0.265625,4437,0,21.63671875,14.4765625,keylogger
0.0,209,12908,python.exe,"['C:\\Users\\keylogger\\AppData\\Local\\Python\\pythoncore-3.14-64\\python.exe', '.\\keylogger.py']",0.3690670410590064,6,"[popenfile(path='C:\\Windows\\System32\\en-US\\KernelBase.dll.mui', fd=-1)]",32.0,C:\Users\keylogger\AppData\Local\Python\pythoncore-3.14-64\python.exe,324,1036,2405855,7299886,0.5,1.46875,8082,0,30.23046875,19.46484375,keylogger
0.0,209,8432,python.exe,"['C:\\Users\\keylogger\\AppData\\Local\\Python\\pythoncore-3.14-64\\python.exe', '.\\keylogger.py']",0.3678271207763427,6,"[popenfile(path='C:\\Windows\\System32\\en-US\\KernelBase.dll.mui', fd=-1)]",32.0,C:\Users\keylogger\AppData\Local\Python\pythoncore-3.14-64\python.exe,324,1135,2405855,8882634,0.53125,1.265625,6407,0,30.12890625,19.2265625,keylogger
0.0,125,9152,python.exe,"['C:\\Users\\keylogger\\AppData\\Local\\Python\\pythoncore-3.14-64\\python.exe', '.\\run_keylogger.py']",0.3227607874256822,3,"[popenfile(path='C:\\Windows\\System32\\en-US\\KernelBase.dll.mui', fd=-1)]",32.0,C:\Users\keylogger\AppData\Local\Python\pythoncore-3.14-64\python.exe,265,342,2593677,60561,0.390625,0.328125,2529,0,26.4375,17.3984375,keylogger
0.0,149,10736,python.exe,"['C:\\Users\\keylogger\\AppData\\Local\\Python\\pythoncore-3.14-64\\python.exe', '.\\keylogger.py']",0.2639122632407987,3,"[popenfile(path='C:\\Windows\\System32\\en-US\\KernelBase.dll.mui', fd=-1)]",32.0,C:\Users\keylogger\AppData\Local\Python\pythoncore-3.14-64\python.exe,155,329,1857121,17240,0.3125,0.4375,8364,0,21.6171875,14.2734375,keylogger
0.0,149,10864,python.exe,"['C:\\Users\\keylogger\\AppData\\Local\\Python\\pythoncore-3.14-64\\python.exe', '.\\keylogger.py']",0.2635307493076714,3,"[popenfile(path='C:\\Windows\\System32\\en-US\\KernelBase.dll.mui', fd=-1)]",32.0,C:\Users\keylogger\AppData\Local\Python\pythoncore-3.14-64\python.exe,155,329,1857121,17240,0.40625,0.34375,4522,0,21.5859375,14.2734375,keylogger
0.0,149,11900,python.exe,"['C:\\Users\\keylogger\\AppData\\Local\\Python\\pythoncore-3.14-64\\python.exe', '.\\keylogger.py']",0.2629107891663396,3,"[popenfile(path='C:\\Windows\\System32\\en-US\\KernelBase.dll.mui', fd=-1)]",32.0,C:\Users\keylogger\AppData\Local\Python\pythoncore-3.14-64\python.exe,155,329,1857121,17240,0.359375,0.28125,5404,0,21.53515625,14.203125,keylogger
0.0,209,8432,python.exe,"['C:\\Users\\keylogger\\AppData\\Local\\Python\\pythoncore-3.14-64\\python.exe', '.\\keylogger.py']",0.3750758855057611,6,"[popenfile(path='C:\\Windows\\System32\\en-US\\KernelBase.dll.mui', fd=-1)]",32.0,C:\Users\keylogger\AppData\Local\Python\pythoncore-3.14-64\python.exe,324,2549,2405855,43649984,1.375,2.515625,11569,0,30.72265625,19.49609375,keylogger
0.0,125,9152,python.exe,"['C:\\Users\\keylogger\\AppData\\Local\\Python\\pythoncore-3.14-64\\python.exe', '.\\run_keylogger.py']",0.3230469228755277,4,"[popenfile(path='C:\\Windows\\System32\\en-US\\KernelBase.dll.mui', fd=-1)]",32.0,C:\Users\keylogger\AppData\Local\Python\pythoncore-3.14-64\python.exe,265,817,2593677,144104,0.5625,0.625,5081,0,26.4609375,17.4296875,keylogger
0.0,149,10736,python.exe,"['C:\\Users\\keylogger\\AppData\\Local\\Python\\pythoncore-3.14-64\\python.exe', '.\\keylogger.py']",0.2643414664155669,4,"[popenfile(path='C:\\Windows\\System32\\en-US\\KernelBase.dll.mui', fd=-1)]",32.0,C:\Users\keylogger\AppData\Local\Python\pythoncore-3.14-64\python.exe,155,809,1857121,42645,0.640625,0.71875,19318,0,21.65234375,14.30859375,keylogger
0.0,149,10864,python.exe,"['C:\\Users\\keylogger\\AppData\\Local\\Python\\pythoncore-3.14-64\\python.exe', '.\\keylogger.py']",0.2639599524824396,4,"[popenfile(path='C:\\Windows\\System32\\en-US\\KernelBase.dll.mui', fd=-1)]",32.0,C:\Users\keylogger\AppData\Local\Python\pythoncore-3.14-64\python.exe,155,809,1857121,42645,0.609375,0.609375,10106,0,21.62109375,14.30859375,keylogger
0.0,149,11900,python.exe,"['C:\\Users\\keylogger\\AppData\\Local\\Python\\pythoncore-3.14-64\\python.exe', '.\\keylogger.py']",0.2632446138578259,4,"[popenfile(path='C:\\Windows\\System32\\en-US\\KernelBase.dll.mui', fd=-1)]",32.0,C:\Users\keylogger\AppData\Local\Python\pythoncore-3.14-64\python.exe,155,809,1857121,42645,0.625,0.609375,12714,0,21.5625,14.23828125,keylogger
0.0,209,8432,python.exe,"['C:\\Users\\keylogger\\AppData\\Local\\Python\\pythoncore-3.14-64\\python.exe', '.\\keylogger.py']",0.3824200287184613,8,"[popenfile(path='C:\\Windows\\System32\\en-US\\KernelBase.dll.mui', fd=-1)]",32.0,C:\Users\keylogger\AppData\Local\Python\pythoncore-3.14-64\python.exe,324,4122,2405855,112884634,2.890625,3.796875,17350,0,31.32421875,19.79296875,keylogger
0.0,125,9152,python.exe,"['C:\\Users\\keylogger\\AppData\\Local\\Python\\pythoncore-3.14-64\\python.exe', '.\\run_keylogger.py']",0.3229515443922459,3,"[popenfile(path='C:\\Windows\\System32\\en-US\\KernelBase.dll.mui', fd=-1)]",32.0,C:\Users\keylogger\AppData\Local\Python\pythoncore-3.14-64\python.exe,265,1343,2593677,235950,0.765625,0.90625,7828,0,26.453125,17.3984375,keylogger
0.0,149,10736,python.exe,"['C:\\Users\\keylogger\\AppData\\Local\\Python\\pythoncore-3.14-64\\python.exe', '.\\keylogger.py']",0.2641030202073623,3,"[popenfile(path='C:\\Windows\\System32\\en-US\\KernelBase.dll.mui', fd=-1)]",32.0,C:\Users\keylogger\AppData\Local\Python\pythoncore-3.14-64\python.exe,155,1336,1857121,69999,0.96875,1.140625,31263,0,21.6328125,14.2734375,keylogger
0.0,149,10864,python.exe,"['C:\\Users\\keylogger\\AppData\\Local\\Python\\pythoncore-3.14-64\\python.exe', '.\\keylogger.py']",0.2637215062742351,3,"[popenfile(path='C:\\Windows\\System32\\en-US\\KernelBase.dll.mui', fd=-1)]",32.0,C:\Users\keylogger\AppData\Local\Python\pythoncore-3.14-64\python.exe,155,1337,1857121,70046,0.9375,0.90625,15738,0,21.6015625,14.2734375,keylogger
0.0,149,11900,python.exe,"['C:\\Users\\keylogger\\AppData\\Local\\Python\\pythoncore-3.14-64\\python.exe', '.\\keylogger.py']",0.2630061676496214,3,"[popenfile(path='C:\\Windows\\System32\\en-US\\KernelBase.dll.mui', fd=-1)]",32.0,C:\Users\keylogger\AppData\Local\Python\pythoncore-3.14-64\python.exe,155,1343,1857121,70340,0.90625,0.953125,19468,0,21.54296875,14.203125,keylogger
0.0,209,8432,python.exe,"['C:\\Users\\keylogger\\AppData\\Local\\Python\\pythoncore-3.14-64\\python.exe', '.\\keylogger.py']",0.383659949001125,6,"[popenfile(path='C:\\Windows\\System32\\en-US\\KernelBase.dll.mui', fd=-1)]",32.0,C:\Users\keylogger\AppData\Local\Python\pythoncore-3.14-64\python.exe,324,4566,2405855,138292484,3.390625,4.234375,19857,0,31.42578125,19.73828125,keylogger
0.0,125,9152,python.exe,"['C:\\Users\\keylogger\\AppData\\Local\\Python\\pythoncore-3.14-64\\python.exe', '.\\run_keylogger.py']",0.3229515443922459,3,"[popenfile(path='C:\\Windows\\System32\\en-US\\KernelBase.dll.mui', fd=-1)]",32.0,C:\Users\keylogger\AppData\Local\Python\pythoncore-3.14-64\python.exe,265,1488,2593677,262507,0.921875,0.9375,8595,0,26.453125,17.3984375,keylogger
0.0,149,10736,python.exe,"['C:\\Users\\keylogger\\AppData\\Local\\Python\\pythoncore-3.14-64\\python.exe', '.\\keylogger.py']",0.2641030202073623,3,"[popenfile(path='C:\\Windows\\System32\\en-US\\KernelBase.dll.mui', fd=-1)]",32.0,C:\Users\keylogger\AppData\Local\Python\pythoncore-3.14-64\python.exe,155,1475,1857121,78077,1.015625,1.1875,34412,0,21.6328125,14.2734375,keylogger
0.0,149,10864,python.exe,"['C:\\Users\\keylogger\\AppData\\Local\\Python\\pythoncore-3.14-64\\python.exe', '.\\keylogger.py']",0.2637215062742351,3,"[popenfile(path='C:\\Windows\\System32\\en-US\\KernelBase.dll.mui', fd=-1)]",32.0,C:\Users\keylogger\AppData\Local\Python\pythoncore-3.14-64\python.exe,155,1475,1857121,78077,0.984375,0.953125,17099,0,21.6015625,14.2734375,keylogger
0.0,149,11900,python.exe,"['C:\\Users\\keylogger\\AppData\\Local\\Python\\pythoncore-3.14-64\\python.exe', '.\\keylogger.py']",0.2630061676496214,3,"[popenfile(path='C:\\Windows\\System32\\en-US\\KernelBase.dll.mui', fd=-1)]",32.0,C:\Users\keylogger\AppData\Local\Python\pythoncore-3.14-64\python.exe,155,1481,1857121,78365,0.984375,0.984375,20864,0,21.54296875,14.203125,keylogger
0.0,149,1452,python.exe,"['C:\\Users\\keylogger\\AppData\\Local\\Python\\pythoncore-3.14-64\\python.exe', '.\\keylogger.py']",0.519586810679431,4,"[popenfile(path='C:\\Windows\\System32\\en-US\\KernelBase.dll.mui', fd=-1)]",32.0,C:\Users\keylogger\AppData\Local\Python\pythoncore-3.14-64\python.exe,156,557,1901608,31104,0.765625,0.671875,14628,0,21.27734375,13.921875,keylogger
0.0,125,8000,python.exe,"['C:\\Users\\keylogger\\AppData\\Local\\Python\\pythoncore-3.14-64\\python.exe', '.\\run_keylogger.py']",0.6452148315468462,4,"[popenfile(path='C:\\Windows\\System32\\en-US\\KernelBase.dll.mui', fd=-1)]",32.0,C:\Users\keylogger\AppData\Local\Python\pythoncore-3.14-64\python.exe,266,616,2638164,110991,0.96875,0.546875,4532,0,26.421875,17.4765625,keylogger
0.0,149,8056,python.exe,"['C:\\Users\\keylogger\\AppData\\Local\\Python\\pythoncore-3.14-64\\python.exe', '.\\keylogger.py']",0.5315105028650248,4,"[popenfile(path='C:\\Windows\\System32\\en-US\\KernelBase.dll.mui', fd=-1)]",32.0,C:\Users\keylogger\AppData\Local\Python\pythoncore-3.14-64\python.exe,155,610,1857121,33719,0.671875,0.609375,9110,0,21.765625,14.421875,keylogger
0.0,209,10520,python.exe,"['C:\\Users\\keylogger\\AppData\\Local\\Python\\pythoncore-3.14-64\\python.exe', '.\\keylogger.py']",0.7403182004191416,8,"[popenfile(path='C:\\Windows\\System32\\en-US\\KernelBase.dll.mui', fd=-1)]",32.0,C:\Users\keylogger\AppData\Local\Python\pythoncore-3.14-64\python.exe,325,1914,2452572,25407636,1.546875,2.015625,9114,0,30.31640625,19.1875,keylogger
0.0,149,11596,python.exe,"['C:\\Users\\keylogger\\AppData\\Local\\Python\\pythoncore-3.14-64\\python.exe', '.\\keylogger.py']",0.5196822002169158,4,"[popenfile(path='C:\\Windows\\System32\\en-US\\KernelBase.dll.mui', fd=-1)]",32.0,C:\Users\keylogger\AppData\Local\Python\pythoncore-3.14-64\python.exe,155,642,1857121,35269,0.71875,0.703125,11991,0,21.28125,13.94140625,keylogger
0.0,209,8432,python.exe,"['C:\\Users\\keylogger\\AppData\\Local\\Python\\pythoncore-3.14-64\\python.exe', '.\\keylogger.py']",0.3837076382427659,6,"[popenfile(path='C:\\Windows\\System32\\en-US\\KernelBase.dll.mui', fd=-1)]",32.0,C:\Users\keylogger\AppData\Local\Python\pythoncore-3.14-64\python.exe,324,5648,2405855,211639039,5.09375,5.34375,35798,0,31.4296875,21.02734375,keylogger
0.0,125,9152,python.exe,"['C:\\Users\\keylogger\\AppData\\Local\\Python\\pythoncore-3.14-64\\python.exe', '.\\run_keylogger.py']",0.3167996322205684,3,"[popenfile(path='C:\\Windows\\System32\\en-US\\KernelBase.dll.mui', fd=-1)]",32.0,C:\Users\keylogger\AppData\Local\Python\pythoncore-3.14-64\python.exe,265,1855,2593677,329282,1.375,1.234375,10723,0,25.94921875,17.3984375,keylogger
0.0,149,10736,python.exe,"['C:\\Users\\keylogger\\AppData\\Local\\Python\\pythoncore-3.14-64\\python.exe', '.\\keylogger.py']",0.2567588769946621,3,"[popenfile(path='C:\\Windows\\System32\\en-US\\KernelBase.dll.mui', fd=-1)]",32.0,C:\Users\keylogger\AppData\Local\Python\pythoncore-3.14-64\python.exe,155,1842,1857121,98881,1.265625,1.484375,42602,0,21.03125,14.2734375,keylogger
0.0,149,10864,python.exe,"['C:\\Users\\keylogger\\AppData\\Local\\Python\\pythoncore-3.14-64\\python.exe', '.\\keylogger.py']",0.2561866060949712,3,"[popenfile(path='C:\\Windows\\System32\\en-US\\KernelBase.dll.mui', fd=-1)]",32.0,C:\Users\keylogger\AppData\Local\Python\pythoncore-3.14-64\python.exe,155,1842,1857121,98881,1.375,1.109375,21554,0,20.984375,14.2734375,keylogger
0.0,149,11900,python.exe,"['C:\\Users\\keylogger\\AppData\\Local\\Python\\pythoncore-3.14-64\\python.exe', '.\\keylogger.py']",0.2551851320205121,3,"[popenfile(path='C:\\Windows\\System32\\en-US\\KernelBase.dll.mui', fd=-1)]",32.0,C:\Users\keylogger\AppData\Local\Python\pythoncore-3.14-64\python.exe,155,1842,1857121,98881,1.140625,1.21875,25754,0,20.90234375,14.203125,keylogger
0.0,209,8432,python.exe,"['C:\\Users\\keylogger\\AppData\\Local\\Python\\pythoncore-3.14-64\\python.exe', '.\\keylogger.py']",0.3909087137305433,6,"[popenfile(path='C:\\Windows\\System32\\en-US\\KernelBase.dll.mui', fd=-1)]",32.0,C:\Users\keylogger\AppData\Local\Python\pythoncore-3.14-64\python.exe,324,6834,2405855,310338694,6.8125,6.8125,43156,0,32.01953125,21.359375,keylogger
0.0,125,9152,python.exe,"['C:\\Users\\keylogger\\AppData\\Local\\Python\\pythoncore-3.14-64\\python.exe', '.\\run_keylogger.py']",0.3170857676704139,3,"[popenfile(path='C:\\Windows\\System32\\en-US\\KernelBase.dll.mui', fd=-1)]",32.0,C:\Users\keylogger\AppData\Local\Python\pythoncore-3.14-64\python.exe,265,2260,2593677,402127,1.609375,1.515625,13488,0,25.97265625,17.52734375,keylogger
0.0,149,10736,python.exe,"['C:\\Users\\keylogger\\AppData\\Local\\Python\\pythoncore-3.14-64\\python.exe', '.\\keylogger.py']",0.2567588769946621,3,"[popenfile(path='C:\\Windows\\System32\\en-US\\KernelBase.dll.mui', fd=-1)]",32.0,C:\Users\keylogger\AppData\Local\Python\pythoncore-3.14-64\python.exe,155,2255,1857121,121744,1.546875,1.75,53661,0,21.03125,14.2734375,keylogger
0.0,149,10864,python.exe,"['C:\\Users\\keylogger\\AppData\\Local\\Python\\pythoncore-3.14-64\\python.exe', '.\\keylogger.py']",0.2561866060949712,3,"[popenfile(path='C:\\Windows\\System32\\en-US\\KernelBase.dll.mui', fd=-1)]",32.0,C:\Users\keylogger\AppData\Local\Python\pythoncore-3.14-64\python.exe,155,2256,1857121,121791,1.609375,1.390625,27905,0,20.984375,14.2734375,keylogger
0.0,149,11900,python.exe,"['C:\\Users\\keylogger\\AppData\\Local\\Python\\pythoncore-3.14-64\\python.exe', '.\\keylogger.py']",0.2551851320205121,3,"[popenfile(path='C:\\Windows\\System32\\en-US\\KernelBase.dll.mui', fd=-1)]",32.0,C:\Users\keylogger\AppData\Local\Python\pythoncore-3.14-64\python.exe,155,2262,1857121,122085,1.359375,1.421875,33430,0,20.90234375,14.203125,keylogger
0.0,149,4784,python.exe,"['C:\\Users\\keylogger\\AppData\\Local\\Python\\pythoncore-3.14-64\\python.exe', '.\\keylogger.py']",0.2523714667636983,3,"[popenfile(path='C:\\Windows\\System32\\en-US\\KernelBase.dll.mui', fd=-1)]",32.0,C:\Users\keylogger\AppData\Local\Python\pythoncore-3.14-64\python.exe,156,1281,1900972,64338,1.109375,1.234375,18258,0,20.671875,14.05859375,keylogger
0.0,125,8976,python.exe,"['C:\\Users\\keylogger\\AppData\\Local\\Python\\pythoncore-3.14-64\\python.exe', '.\\run_keylogger.py']",0.3166565644956457,3,"[popenfile(path='C:\\Windows\\System32\\en-US\\KernelBase.dll.mui', fd=-1)]",32.0,C:\Users\keylogger\AppData\Local\Python\pythoncore-3.14-64\python.exe,266,1686,2637528,293041,1.5,1.734375,10205,0,25.9375,17.4375,keylogger
0.0,149,9376,python.exe,"['C:\\Users\\keylogger\\AppData\\Local\\Python\\pythoncore-3.14-64\\python.exe', '.\\keylogger.py']",0.2573311478943531,3,"[popenfile(path='C:\\Windows\\System32\\en-US\\KernelBase.dll.mui', fd=-1)]",32.0,C:\Users\keylogger\AppData\Local\Python\pythoncore-3.14-64\python.exe,155,1281,1857121,64338,1.359375,1.265625,30317,0,21.078125,14.55078125,keylogger
0.0,149,11080,python.exe,"['C:\\Users\\keylogger\\AppData\\Local\\Python\\pythoncore-3.14-64\\python.exe', '.\\keylogger.py']",0.2546128611208211,3,"[popenfile(path='C:\\Windows\\System32\\en-US\\KernelBase.dll.mui', fd=-1)]",32.0,C:\Users\keylogger\AppData\Local\Python\pythoncore-3.14-64\python.exe,155,1281,1857121,64338,1.265625,1.078125,14504,0,20.85546875,14.23828125,keylogger
0.0,209,11724,python.exe,"['C:\\Users\\keylogger\\AppData\\Local\\Python\\pythoncore-3.14-64\\python.exe', '.\\keylogger.py']",0.3787479571121112,6,"[popenfile(path='C:\\Windows\\System32\\en-US\\KernelBase.dll.mui', fd=-1)]",32.0,C:\Users\keylogger\AppData\Local\Python\pythoncore-3.14-64\python.exe,325,5047,2449706,173071211,6.109375,5.421875,30287,0,31.0234375,20.57421875,keylogger
0.0,125,8976,python.exe,"['C:\\Users\\keylogger\\AppData\\Local\\Python\\pythoncore-3.14-64\\python.exe', '.\\run_keylogger.py']",0.3167042537372866,3,"[popenfile(path='C:\\Windows\\System32\\en-US\\KernelBase.dll.mui', fd=-1)]",32.0,C:\Users\keylogger\AppData\Local\Python\pythoncore-3.14-64\python.exe,266,1923,2637528,343162,1.765625,1.875,11945,0,25.94140625,17.4375,keylogger
0.0,209,11724,python.exe,"['C:\\Users\\keylogger\\AppData\\Local\\Python\\pythoncore-3.14-64\\python.exe', '.\\keylogger.py']",0.383087678101434,6,"[popenfile(path='C:\\Windows\\System32\\en-US\\KernelBase.dll.mui', fd=-1)]",32.0,C:\Users\keylogger\AppData\Local\Python\pythoncore-3.14-64\python.exe,325,5754,2449706,225374298,8.0,6.171875,36340,0,31.37890625,20.78515625,keylogger
0.0,125,8976,python.exe,"['C:\\Users\\keylogger\\AppData\\Local\\Python\\pythoncore-3.14-64\\python.exe', '.\\run_keylogger.py']",0.3167042537372866,3,[],32.0,C:\Users\keylogger\AppData\Local\Python\pythoncore-3.14-64\python.exe,266,2086,2637528,374177,1.890625,1.96875,14363,0,25.94140625,17.4375,keylogger
0.0,209,11724,python.exe,"['C:\\Users\\keylogger\\AppData\\Local\\Python\\pythoncore-3.14-64\\python.exe', '.\\keylogger.py']",0.3863305465330159,6,[],32.0,C:\Users\keylogger\AppData\Local\Python\pythoncore-3.14-64\python.exe,325,6221,2449706,264078112,9.03125,6.6875,43927,0,31.64453125,20.90234375,keylogger
0.0,125,8976,python.exe,"['C:\\Users\\keylogger\\AppData\\Local\\Python\\pythoncore-3.14-64\\python.exe', '.\\run_keylogger.py']",0.3167042537372866,3,"[popenfile(path='C:\\Windows\\System32\\en-US\\KernelBase.dll.mui', fd=-1)]",32.0,C:\Users\keylogger\AppData\Local\Python\pythoncore-3.14-64\python.exe,266,2227,2637528,403626,2.078125,2.0625,16362,0,25.94140625,17.4375,keylogger
0.0,209,11724,python.exe,"['C:\\Users\\keylogger\\AppData\\Local\\Python\\pythoncore-3.14-64\\python.exe', '.\\keylogger.py']",0.3887626978567024,6,"[popenfile(path='C:\\Windows\\System32\\en-US\\KernelBase.dll.mui', fd=-1)]",32.0,C:\Users\keylogger\AppData\Local\Python\pythoncore-3.14-64\python.exe,325,6614,2449706,299163182,10.328125,7.21875,48621,0,31.84375,21.02734375,keylogger
0.0,149,416,python.exe,"['C:\\Users\\keylogger\\AppData\\Local\\Python\\pythoncore-3.14-64\\python.exe', '.\\keylogger.py']",0.2528006699384665,3,"[popenfile(path='C:\\Windows\\System32\\en-US\\KernelBase.dll.mui', fd=-1)]",32.0,C:\Users\keylogger\AppData\Local\Python\pythoncore-3.14-64\python.exe,155,342,1857121,17372,0.53125,0.46875,4914,0,20.70703125,14.015625,keylogger
0.0,149,1244,python.exe,"['C:\\Users\\keylogger\\AppData\\Local\\Python\\pythoncore-3.14-64\\python.exe', '.\\keylogger.py']",0.2511792357226756,3,"[popenfile(path='C:\\Windows\\System32\\en-US\\KernelBase.dll.mui', fd=-1)]",32.0,C:\Users\keylogger\AppData\Local\Python\pythoncore-3.14-64\python.exe,155,345,1857121,17519,0.59375,0.453125,9268,0,20.57421875,13.9140625,keylogger
0.0,149,4936,python.exe,"['C:\\Users\\keylogger\\AppData\\Local\\Python\\pythoncore-3.14-64\\python.exe', '.\\keylogger.py']",0.2559004706451257,3,"[popenfile(path='C:\\Windows\\System32\\en-US\\KernelBase.dll.mui', fd=-1)]",32.0,C:\Users\keylogger\AppData\Local\Python\pythoncore-3.14-64\python.exe,155,353,1857121,17901,0.484375,0.5,6792,0,20.9609375,14.3515625,keylogger
0.0,125,10844,python.exe,"['C:\\Users\\keylogger\\AppData\\Local\\Python\\pythoncore-3.14-64\\python.exe', '.\\run_keylogger.py']",0.3153212657297002,3,"[popenfile(path='C:\\Windows\\System32\\en-US\\KernelBase.dll.mui', fd=-1)]",32.0,C:\Users\keylogger\AppData\Local\Python\pythoncore-3.14-64\python.exe,265,363,2593677,63179,1.125,0.71875,2970,0,25.828125,17.28125,keylogger
0.0,209,12272,python.exe,"['C:\\Users\\keylogger\\AppData\\Local\\Python\\pythoncore-3.14-64\\python.exe', '.\\keylogger.py']",0.359672260455747,6,"[popenfile(path='C:\\Windows\\System32\\en-US\\KernelBase.dll.mui', fd=-1)]",32.0,C:\Users\keylogger\AppData\Local\Python\pythoncore-3.14-64\python.exe,324,1155,2405855,9037330,1.21875,1.984375,23070,0,29.4609375,18.99609375,keylogger
0.0,149,416,python.exe,"['C:\\Users\\keylogger\\AppData\\Local\\Python\\pythoncore-3.14-64\\python.exe', '.\\keylogger.py']",0.2528006699384665,3,"[popenfile(path='C:\\Windows\\System32\\en-US\\KernelBase.dll.mui', fd=-1)]",32.0,C:\Users\keylogger\AppData\Local\Python\pythoncore-3.14-64\python.exe,155,557,1857121,31234,0.65625,0.515625,7332,0,20.70703125,14.015625,keylogger
0.0,149,1244,python.exe,"['C:\\Users\\keylogger\\AppData\\Local\\Python\\pythoncore-3.14-64\\python.exe', '.\\keylogger.py']",0.2512746142059574,3,"[popenfile(path='C:\\Windows\\System32\\en-US\\KernelBase.dll.mui', fd=-1)]",32.0,C:\Users\keylogger\AppData\Local\Python\pythoncore-3.14-64\python.exe,155,557,1857121,31234,0.734375,0.71875,13939,0,20.58203125,13.9140625,keylogger
0.0,149,4936,python.exe,"['C:\\Users\\keylogger\\AppData\\Local\\Python\\pythoncore-3.14-64\\python.exe', '.\\keylogger.py']",0.2559004706451257,3,"[popenfile(path='C:\\Windows\\System32\\en-US\\KernelBase.dll.mui', fd=-1)]",32.0,C:\Users\keylogger\AppData\Local\Python\pythoncore-3.14-64\python.exe,155,557,1857121,31234,0.625,0.65625,9723,0,20.9609375,14.3515625,keylogger
0.0,125,10844,python.exe,"['C:\\Users\\keylogger\\AppData\\Local\\Python\\pythoncore-3.14-64\\python.exe', '.\\run_keylogger.py']",0.3153689549713411,3,"[popenfile(path='C:\\Windows\\System32\\en-US\\KernelBase.dll.mui', fd=-1)]",32.0,C:\Users\keylogger\AppData\Local\Python\pythoncore-3.14-64\python.exe,265,567,2593677,102615,1.328125,0.9375,4103,0,25.83203125,17.28125,keylogger
0.0,209,12272,python.exe,"['C:\\Users\\keylogger\\AppData\\Local\\Python\\pythoncore-3.14-64\\python.exe', '.\\keylogger.py']",0.361246005429897,6,"[popenfile(path='C:\\Windows\\System32\\en-US\\KernelBase.dll.mui', fd=-1)]",32.0,C:\Users\keylogger\AppData\Local\Python\pythoncore-3.14-64\python.exe,324,1711,2405855,20022527,1.53125,2.796875,27717,0,29.58984375,18.99609375,keylogger
0.0,149,416,python.exe,"['C:\\Users\\keylogger\\AppData\\Local\\Python\\pythoncore-3.14-64\\python.exe', '.\\keylogger.py']",0.2528006699384665,3,"[popenfile(path='C:\\Windows\\System32\\en-US\\KernelBase.dll.mui', fd=-1)]",32.0,C:\Users\keylogger\AppData\Local\Python\pythoncore-3.14-64\python.exe,155,662,1857121,39312,0.671875,0.578125,8524,0,20.70703125,14.015625,keylogger
0.0,149,1244,python.exe,"['C:\\Users\\keylogger\\AppData\\Local\\Python\\pythoncore-3.14-64\\python.exe', '.\\keylogger.py']",0.2513223034475983,3,"[popenfile(path='C:\\Windows\\System32\\en-US\\KernelBase.dll.mui', fd=-1)]",32.0,C:\Users\keylogger\AppData\Local\Python\pythoncore-3.14-64\python.exe,155,663,1857121,39359,0.78125,0.78125,16341,0,20.5859375,13.9140625,keylogger
0.0,149,4936,python.exe,"['C:\\Users\\keylogger\\AppData\\Local\\Python\\pythoncore-3.14-64\\python.exe', '.\\keylogger.py']",0.2559004706451257,3,"[popenfile(path='C:\\Windows\\System32\\en-US\\KernelBase.dll.mui', fd=-1)]",32.0,C:\Users\keylogger\AppData\Local\Python\pythoncore-3.14-64\python.exe,155,663,1857121,39359,0.671875,0.71875,11505,0,20.9609375,14.3515625,keylogger
0.0,125,10844,python.exe,"['C:\\Users\\keylogger\\AppData\\Local\\Python\\pythoncore-3.14-64\\python.exe', '.\\run_keylogger.py']",0.3153689549713411,3,"[popenfile(path='C:\\Windows\\System32\\en-US\\KernelBase.dll.mui', fd=-1)]",32.0,C:\Users\keylogger\AppData\Local\Python\pythoncore-3.14-64\python.exe,265,673,2593677,124761,1.359375,1.03125,4672,0,25.83203125,17.28125,keylogger
0.0,209,12272,python.exe,"['C:\\Users\\keylogger\\AppData\\Local\\Python\\pythoncore-3.14-64\\python.exe', '.\\keylogger.py']",0.3655857264192199,6,"[popenfile(path='C:\\Windows\\System32\\en-US\\KernelBase.dll.mui', fd=-1)]",32.0,C:\Users\keylogger\AppData\Local\Python\pythoncore-3.14-64\python.exe,324,2029,2405855,28048063,1.734375,3.21875,29411,0,29.9453125,19.23828125,keylogger
0.0,142,2792,python.exe,"['C:\\Users\\keylogger\\AppData\\Local\\Python\\pythoncore-3.14-64\\python.exe', 'keylogger.py']",0.5338952413021435,3,"[popenfile(path='C:\\Windows\\System32\\en-US\\KernelBase.dll.mui', fd=-1)]",32.0,C:\Users\keylogger\AppData\Local\Python\pythoncore-3.14-64\python.exe,156,781,1880327,37490,0.578125,1.515625,20652,0,21.86328125,14.55859375,keylogger
0.0,209,10788,python.exe,"['C:\\Users\\keylogger\\AppData\\Local\\Python\\pythoncore-3.14-64\\python.exe', '.\\keylogger.py']",0.7453738459058333,6,"[popenfile(path='C:\\Windows\\System32\\en-US\\KernelBase.dll.mui', fd=-1)]",32.0,C:\Users\keylogger\AppData\Local\Python\pythoncore-3.14-64\python.exe,324,316,2337250,1026707,0.40625,0.3125,17682,0,30.5234375,19.2265625,keylogger
0.0,211,12572,python.exe,"['C:\\Users\\keylogger\\AppData\\Local\\Python\\pythoncore-3.14-64\\python.exe', '.\\keylogger.py']",0.7271544442462462,8,"[popenfile(path='C:\\Windows\\System32\\en-US\\KernelBase.dll.mui', fd=-1)]",32.0,C:\Users\keylogger\AppData\Local\Python\pythoncore-3.14-64\python.exe,325,484,2446435,1668046,0.6875,1.046875,4532,0,29.77734375,19.12109375,keylogger
0.0,209,13164,python.exe,"['C:\\Users\\keylogger\\AppData\\Local\\Python\\pythoncore-3.14-64\\python.exe', '.\\keylogger.py']",0.7406997585690805,8,"[popenfile(path='C:\\Windows\\System32\\en-US\\KernelBase.dll.mui', fd=-1)]",32.0,C:\Users\keylogger\AppData\Local\Python\pythoncore-3.14-64\python.exe,325,1895,2450933,25568885,1.890625,2.890625,12571,0,30.33203125,19.30078125,keylogger
0.0,151,332,python.exe,"['C:\\Users\\keylogger\\AppData\\Local\\Python\\pythoncore-3.14-64\\python.exe', '.\\keylogger.py']",0.5193006420669768,5,"[popenfile(path='C:\\Windows\\System32\\en-US\\KernelBase.dll.mui', fd=-1)]",32.0,C:\Users\keylogger\AppData\Local\Python\pythoncore-3.14-64\python.exe,155,19,1857121,1620,0.15625,0.109375,1655,0,21.265625,13.94140625,keylogger
0.0,151,1016,python.exe,"['C:\\Users\\keylogger\\AppData\\Local\\Python\\pythoncore-3.14-64\\python.exe', '.\\keylogger.py']",0.5311289447150858,5,"[popenfile(path='C:\\Windows\\System32\\en-US\\KernelBase.dll.mui', fd=-1)]",32.0,C:\Users\keylogger\AppData\Local\Python\pythoncore-3.14-64\python.exe,155,19,1857121,1620,0.1875,0.078125,1887,0,21.75,14.49609375,keylogger
0.0,125,6900,python.exe,"['C:\\Users\\keylogger\\AppData\\Local\\Python\\pythoncore-3.14-64\\python.exe', '.\\run_keylogger.py']",0.6410176918975173,3,"[popenfile(path='C:\\Windows\\System32\\en-US\\KernelBase.dll.mui', fd=-1)]",32.0,C:\Users\keylogger\AppData\Local\Python\pythoncore-3.14-64\python.exe,265,226,2593677,43753,0.296875,0.21875,2822,0,26.25,17.30859375,keylogger
0.0,151,7668,python.exe,"['C:\\Users\\keylogger\\AppData\\Local\\Python\\pythoncore-3.14-64\\python.exe', '.\\keylogger.py']",0.5316058924025096,5,"[popenfile(path='C:\\Windows\\System32\\en-US\\KernelBase.dll.mui', fd=-1)]",32.0,C:\Users\keylogger\AppData\Local\Python\pythoncore-3.14-64\python.exe,155,59,1857121,3552,0.140625,0.078125,1081,0,21.76953125,14.47265625,keylogger
0.0,151,4188,python.exe,"['C:\\Users\\keylogger\\AppData\\Local\\Python\\pythoncore-3.14-64\\python.exe', '.\\keylogger.py']",0.5193960316044616,5,"[popenfile(path='C:\\Windows\\System32\\en-US\\KernelBase.dll.mui', fd=-1)]",32.0,C:\Users\keylogger\AppData\Local\Python\pythoncore-3.14-64\python.exe,155,24,1857121,1892,0.171875,0.09375,1674,0,21.26953125,13.93359375,keylogger
0.0,151,9048,python.exe,"['C:\\Users\\keylogger\\AppData\\Local\\Python\\pythoncore-3.14-64\\python.exe', '.\\keylogger.py']",0.5205407060542786,5,"[popenfile(path='C:\\Windows\\System32\\en-US\\KernelBase.dll.mui', fd=-1)]",32.0,C:\Users\keylogger\AppData\Local\Python\pythoncore-3.14-64\python.exe,155,61,1857121,3683,0.203125,0.078125,1827,0,21.31640625,14.0,keylogger
0.0,151,9236,python.exe,"['C:\\Users\\keylogger\\AppData\\Local\\Python\\pythoncore-3.14-64\\python.exe', '.\\keylogger.py']",0.519586810679431,5,"[popenfile(path='C:\\Windows\\System32\\en-US\\KernelBase.dll.mui', fd=-1)]",32.0,C:\Users\keylogger\AppData\Local\Python\pythoncore-3.14-64\python.exe,155,61,1857121,3683,0.21875,0.125,1655,0,21.27734375,13.9375,keylogger
0.0,125,9452,python.exe,"['C:\\Users\\keylogger\\AppData\\Local\\Python\\pythoncore-3.14-64\\python.exe', '.\\run_keylogger.py']",0.6417808081973954,3,"[popenfile(path='C:\\Windows\\System32\\en-US\\KernelBase.dll.mui', fd=-1)]",32.0,C:\Users\keylogger\AppData\Local\Python\pythoncore-3.14-64\python.exe,266,100,2610035,20147,0.140625,0.203125,1223,0,26.28125,17.22265625,keylogger
0.0,148,8404,python.exe,"['C:\\Users\\keylogger\\AppData\\Local\\Python\\pythoncore-3.14-64\\python.exe', '.\\keylogger.py']",0.528362648128028,8,"[popenfile(path='C:\\Windows\\System32\\en-US\\KernelBase.dll.mui', fd=-1)]",32.0,C:\Users\keylogger\AppData\Local\Python\pythoncore-3.14-64\python.exe,156,53,1870921,2897,0.171875,0.09375,1541,0,21.63671875,14.47265625,keylogger
0.0,125,9376,python.exe,"['C:\\Users\\keylogger\\AppData\\Local\\Python\\pythoncore-3.14-64\\python.exe', '.\\run_keylogger.py']",0.6302386741617405,3,"[popenfile(path='C:\\Windows\\System32\\en-US\\KernelBase.dll.mui', fd=-1)]",32.0,C:\Users\keylogger\AppData\Local\Python\pythoncore-3.14-64\python.exe,265,210,2593677,39785,0.296875,0.234375,3145,0,25.80859375,17.24609375,keylogger
0.0,125,9376,python.exe,"['C:\\Users\\keylogger\\AppData\\Local\\Python\\pythoncore-3.14-64\\python.exe', '.\\run_keylogger.py']",0.6419715872723648,3,"[popenfile(path='C:\\Windows\\System32\\en-US\\KernelBase.dll.mui', fd=-1)]",32.0,C:\Users\keylogger\AppData\Local\Python\pythoncore-3.14-64\python.exe,265,83,2593677,15174,0.203125,0.171875,1992,0,26.2890625,17.24609375,keylogger
0.0,151,9680,python.exe,"['C:\\Users\\keylogger\\AppData\\Local\\Python\\pythoncore-3.14-64\\python.exe', '.\\run_keylogger.py']",0.6922418735268279,5,"[popenfile(path='C:\\Windows\\System32\\en-US\\KernelBase.dll.mui', fd=-1)]",32.0,C:\Users\keylogger\AppData\Local\Python\pythoncore-3.14-64\python.exe,275,177,2807116,30572,0.3125,0.125,2883,0,28.34765625,18.94140625,keylogger
0.0,149,9680,python.exe,"['C:\\Users\\keylogger\\AppData\\Local\\Python\\pythoncore-3.14-64\\python.exe', '.\\run_keylogger.py']",0.6917649258394041,3,"[popenfile(path='C:\\Windows\\System32\\en-US\\KernelBase.dll.mui', fd=-1)]",32.0,C:\Users\keylogger\AppData\Local\Python\pythoncore-3.14-64\python.exe,275,276,2807116,48643,0.40625,0.1875,3993,0,28.328125,18.88671875,keylogger
0.0,149,9960,python.exe,"['C:\\Users\\keylogger\\AppData\\Local\\Python\\pythoncore-3.14-64\\python.exe', '.\\run_keylogger.py']",0.6898571350897091,3,"[popenfile(path='C:\\Windows\\System32\\en-US\\KernelBase.dll.mui', fd=-1)]",32.0,C:\Users\keylogger\AppData\Local\Python\pythoncore-3.14-64\python.exe,275,377,2807116,84088,0.578125,0.40625,5223,0,28.25,18.76171875,keylogger
0.0,151,4112,python.exe,"['C:\\Users\\keylogger\\AppData\\Local\\Python\\pythoncore-3.14-64\\python.exe', '.\\run_keylogger.py']",0.6921464839893431,7,"[popenfile(path='C:\\Windows\\System32\\en-US\\KernelBase.dll.mui', fd=-1)]",32.0,C:\Users\keylogger\AppData\Local\Python\pythoncore-3.14-64\python.exe,275,16,2807116,3391,0.25,0.0625,814,0,28.34375,18.984375,keylogger
0.0,125,2676,python.exe,"['C:\\Users\\keylogger\\AppData\\Local\\Python\\pythoncore-3.14-64\\python.exe', '.\\run_keylogger.py']",0.6425439244972733,5,"[popenfile(path='C:\\Windows\\System32\\en-US\\KernelBase.dll.mui', fd=-1)]",32.0,C:\Users\keylogger\AppData\Local\Python\pythoncore-3.14-64\python.exe,265,13,2593677,2752,0.171875,0.0625,699,0,26.3125,17.3359375,keylogger
0.0,125,3956,python.exe,"['C:\\Users\\keylogger\\AppData\\Local\\Python\\pythoncore-3.14-64\\python.exe', '.\\run_keylogger.py']",0.6371067208606426,5,"[popenfile(path='C:\\Windows\\System32\\en-US\\KernelBase.dll.mui', fd=-1)]",32.0,C:\Users\keylogger\AppData\Local\Python\pythoncore-3.14-64\python.exe,265,15,2593677,3082,0.171875,0.15625,949,0,26.08984375,17.09375,keylogger
0.0,125,9532,python.exe,"['C:\\Users\\keylogger\\AppData\\Local\\Python\\pythoncore-3.14-64\\python.exe', '.\\run_keylogger.py']",0.6412084709724868,5,"[popenfile(path='C:\\Windows\\System32\\en-US\\KernelBase.dll.mui', fd=-1)]",32.0,C:\Users\keylogger\AppData\Local\Python\pythoncore-3.14-64\python.exe,265,59,2593677,10422,0.25,0.0625,1508,0,26.2578125,17.27734375,keylogger
0.0,125,6900,python.exe,"['C:\\Users\\keylogger\\AppData\\Local\\Python\\pythoncore-3.14-64\\python.exe', '.\\run_keylogger.py']",0.641494639584941,5,"[popenfile(path='C:\\Windows\\System32\\en-US\\KernelBase.dll.mui', fd=-1)]",32.0,C:\Users\keylogger\AppData\Local\Python\pythoncore-3.14-64\python.exe,265,68,2593677,12283,0.234375,0.09375,1498,0,26.26953125,17.37109375,keylogger
