memory_percent,num_threads,cpu_percent,num_handles,open_files,name,cmdline,exe,pid,nice,read_count,write_count,read_bytes,write_bytes,cpu_times_user,cpu_times_system,voluntary_ctx_switches,involuntary_ctx_switches,memory_rss,memory_vms,label
0.0737275675768476,1,0.0,94,[],keylogger.exe,['.\\keylogger.exe'],C:\Users\sctest13\Desktop\keylogger.exe,1340,32.0,876,4245,6760702,17579888,0.140625,0.125,2585,0,6.0390625,1.1640625,keylogger
0.244025849476539,3,0.0,158,"[popenfile(path='C:\\Windows\\System32\\en-US\\KernelBase.dll.mui', fd=-1)]",keylogger.exe,['.\\keylogger.exe'],C:\Users\sctest13\Desktop\keylogger.exe,10404,32.0,200,218,2240116,9134,0.328125,0.125,7912,0,19.98828125,13.73828125,keylogger
0.2411644949780844,3,0.0,158,"[popenfile(path='C:\\Windows\\System32\\en-US\\KernelBase.dll.mui', fd=-1)]",keylogger.exe,['.\\keylogger.exe'],C:\Users\sctest1\Desktop\keylogger.exe,332,32.0,200,54,2240116,2406,0.46875,0.1875,1751,0,19.75390625,13.52734375,keylogger
0.0699601174872157,1,0.0,94,[],keylogger.exe,['.\\keylogger.exe'],C:\Users\sctest1\Desktop\keylogger.exe,752,32.0,875,4245,6741592,17579888,0.203125,0.328125,2928,0,5.73046875,1.1796875,keylogger
0.0741090815099749,3,0.0,96,[],keylogger.exe,['.\\keylogger.exe'],C:\Users\Public\Downloads\keylogger.exe,3944,32.0,875,4245,6741592,17579888,0.09375,0.703125,1577,0,6.0703125,1.23828125,keylogger
0.2457426621756118,3,0.0,158,"[popenfile(path='C:\\Windows\\System32\\en-US\\KernelBase.dll.mui', fd=-1)]",keylogger.exe,['.\\keylogger.exe'],C:\Users\Public\Downloads\keylogger.exe,7836,32.0,200,109,2240116,4947,0.140625,0.265625,3097,0,20.12890625,13.64453125,keylogger
0.0742044599932567,5,0.0,96,[],keylogger.exe,['.\\keylogger.exe'],C:\Users\Public\Downloads\keylogger.exe,4120,32.0,875,4245,6741592,17579888,0.140625,0.21875,616,0,6.078125,1.29296875,keylogger
0.2442642956847436,6,0.0,158,"[popenfile(path='C:\\Windows\\System32\\en-US\\KernelBase.dll.mui', fd=-1)]",keylogger.exe,['.\\keylogger.exe'],C:\Users\Public\Downloads\keylogger.exe,7488,32.0,200,25,2240116,1186,0.1875,0.109375,1962,0,20.0078125,13.6875,keylogger
0.0741567707516158,5,0.0,96,[],keylogger.exe,['.\\keylogger.exe'],C:\Users\Public\Downloads\keylogger.exe,1268,32.0,875,4245,6741592,17579888,0.140625,0.1875,915,0,6.07421875,1.2890625,keylogger
0.2445027418929481,6,0.0,159,"[popenfile(path='C:\\Windows\\System32\\en-US\\KernelBase.dll.mui', fd=-1)]",keylogger.exe,['.\\keylogger.exe'],C:\Users\Public\Downloads\keylogger.exe,3564,32.0,200,243,2240116,11335,0.21875,0.25,7381,0,20.02734375,13.82421875,keylogger
0.0736321890935658,1,0.0,94,[],keylogger.exe,['.\\keylogger.exe'],C:\Users\sctest12\Desktop\keylogger.exe,6536,32.0,875,4245,6741592,17579888,0.234375,0.203125,3401,0,6.03125,1.17578125,keylogger
0.2454088374841254,3,0.0,158,"[popenfile(path='C:\\Windows\\System32\\en-US\\KernelBase.dll.mui', fd=-1)]",keylogger.exe,['.\\keylogger.exe'],C:\Users\sctest12\Desktop\keylogger.exe,9160,32.0,200,268,2240116,11338,0.34375,0.609375,9410,0,20.1015625,13.625,keylogger
0.0737752568184885,1,0.0,94,[],keylogger.exe,['.\\keylogger.exe'],C:\Users\sctest13\Desktop\keylogger.exe,7516,32.0,875,4245,6741592,17579888,0.078125,0.234375,3239,0,6.04296875,1.1796875,keylogger
0.240306088628548,3,0.0,158,"[popenfile(path='C:\\Windows\\System32\\en-US\\KernelBase.dll.mui', fd=-1)]",keylogger.exe,['.\\keylogger.exe'],C:\Users\sctest13\Desktop\keylogger.exe,8096,32.0,200,200,2240116,7571,0.40625,0.328125,7333,0,19.68359375,13.73828125,keylogger
0.074013703026693,3,0.0,96,[],keylogger.exe,['.\\keylogger.exe'],C:\Users\sctest13\Desktop\keylogger.exe,1340,32.0,876,4245,6760702,17579888,0.140625,0.125,1692,0,6.0625,1.21875,keylogger
0.2438827817516163,3,0.0,158,"[popenfile(path='C:\\Windows\\System32\\en-US\\KernelBase.dll.mui', fd=-1)]",keylogger.exe,['.\\keylogger.exe'],C:\Users\sctest13\Desktop\keylogger.exe,10404,32.0,200,180,2240116,7475,0.296875,0.03125,6618,0,19.9765625,13.73828125,keylogger
